-- MySQL dump 10.13  Distrib 5.6.51, for Linux (x86_64)
--
-- Host: localhost    Database: fosutech
-- ------------------------------------------------------
-- Server version	5.6.51

/*!40101 SET @OLD_CHARACTER_SET_CLIENT=@@CHARACTER_SET_CLIENT */;
/*!40101 SET @OLD_CHARACTER_SET_RESULTS=@@CHARACTER_SET_RESULTS */;
/*!40101 SET @OLD_COLLATION_CONNECTION=@@COLLATION_CONNECTION */;
/*!40101 SET NAMES utf8 */;
/*!40103 SET @OLD_TIME_ZONE=@@TIME_ZONE */;
/*!40103 SET TIME_ZONE='+00:00' */;
/*!40014 SET @OLD_UNIQUE_CHECKS=@@UNIQUE_CHECKS, UNIQUE_CHECKS=0 */;
/*!40014 SET @OLD_FOREIGN_KEY_CHECKS=@@FOREIGN_KEY_CHECKS, FOREIGN_KEY_CHECKS=0 */;
/*!40101 SET @OLD_SQL_MODE=@@SQL_MODE, SQL_MODE='NO_AUTO_VALUE_ON_ZERO' */;
/*!40111 SET @OLD_SQL_NOTES=@@SQL_NOTES, SQL_NOTES=0 */;

--
-- Table structure for table `act_evt_log`
--

DROP TABLE IF EXISTS `act_evt_log`;
/*!40101 SET @saved_cs_client     = @@character_set_client */;
/*!40101 SET character_set_client = utf8 */;
CREATE TABLE `act_evt_log` (
  `LOG_NR_` bigint(20) NOT NULL AUTO_INCREMENT,
  `TYPE_` varchar(64) COLLATE utf8_bin DEFAULT NULL,
  `PROC_DEF_ID_` varchar(64) COLLATE utf8_bin DEFAULT NULL,
  `PROC_INST_ID_` varchar(64) COLLATE utf8_bin DEFAULT NULL,
  `EXECUTION_ID_` varchar(64) COLLATE utf8_bin DEFAULT NULL,
  `TASK_ID_` varchar(64) COLLATE utf8_bin DEFAULT NULL,
  `TIME_STAMP_` timestamp(3) NOT NULL DEFAULT CURRENT_TIMESTAMP(3) ON UPDATE CURRENT_TIMESTAMP(3),
  `USER_ID_` varchar(255) COLLATE utf8_bin DEFAULT NULL,
  `DATA_` longblob,
  `LOCK_OWNER_` varchar(255) COLLATE utf8_bin DEFAULT NULL,
  `LOCK_TIME_` timestamp(3) NULL DEFAULT NULL,
  `IS_PROCESSED_` tinyint(4) DEFAULT '0',
  PRIMARY KEY (`LOG_NR_`)
) ENGINE=InnoDB DEFAULT CHARSET=utf8 COLLATE=utf8_bin;
/*!40101 SET character_set_client = @saved_cs_client */;

--
-- Dumping data for table `act_evt_log`
--

LOCK TABLES `act_evt_log` WRITE;
/*!40000 ALTER TABLE `act_evt_log` DISABLE KEYS */;
/*!40000 ALTER TABLE `act_evt_log` ENABLE KEYS */;
UNLOCK TABLES;

--
-- Table structure for table `act_ge_bytearray`
--

DROP TABLE IF EXISTS `act_ge_bytearray`;
/*!40101 SET @saved_cs_client     = @@character_set_client */;
/*!40101 SET character_set_client = utf8 */;
CREATE TABLE `act_ge_bytearray` (
  `ID_` varchar(64) COLLATE utf8_bin NOT NULL DEFAULT '',
  `REV_` int(11) DEFAULT NULL,
  `NAME_` varchar(255) COLLATE utf8_bin DEFAULT NULL,
  `DEPLOYMENT_ID_` varchar(64) COLLATE utf8_bin DEFAULT NULL,
  `BYTES_` longblob,
  `GENERATED_` tinyint(4) DEFAULT NULL,
  PRIMARY KEY (`ID_`),
  KEY `ACT_FK_BYTEARR_DEPL` (`DEPLOYMENT_ID_`),
  CONSTRAINT `ACT_FK_BYTEARR_DEPL` FOREIGN KEY (`DEPLOYMENT_ID_`) REFERENCES `act_re_deployment` (`ID_`)
) ENGINE=InnoDB DEFAULT CHARSET=utf8 COLLATE=utf8_bin;
/*!40101 SET character_set_client = @saved_cs_client */;

--
-- Dumping data for table `act_ge_bytearray`
--

LOCK TABLES `act_ge_bytearray` WRITE;
/*!40000 ALTER TABLE `act_ge_bytearray` DISABLE KEYS */;
/*!40000 ALTER TABLE `act_ge_bytearray` ENABLE KEYS */;
UNLOCK TABLES;

--
-- Table structure for table `act_ge_property`
--

DROP TABLE IF EXISTS `act_ge_property`;
/*!40101 SET @saved_cs_client     = @@character_set_client */;
/*!40101 SET character_set_client = utf8 */;
CREATE TABLE `act_ge_property` (
  `NAME_` varchar(64) COLLATE utf8_bin NOT NULL DEFAULT '',
  `VALUE_` varchar(300) COLLATE utf8_bin DEFAULT NULL,
  `REV_` int(11) DEFAULT NULL,
  PRIMARY KEY (`NAME_`)
) ENGINE=InnoDB DEFAULT CHARSET=utf8 COLLATE=utf8_bin;
/*!40101 SET character_set_client = @saved_cs_client */;

--
-- Dumping data for table `act_ge_property`
--

LOCK TABLES `act_ge_property` WRITE;
/*!40000 ALTER TABLE `act_ge_property` DISABLE KEYS */;
INSERT INTO `act_ge_property` VALUES ('next.dbid','1',1),('schema.history','create(5.22.0.0)',1),('schema.version','5.22.0.0',1);
/*!40000 ALTER TABLE `act_ge_property` ENABLE KEYS */;
UNLOCK TABLES;

--
-- Table structure for table `act_hi_actinst`
--

DROP TABLE IF EXISTS `act_hi_actinst`;
/*!40101 SET @saved_cs_client     = @@character_set_client */;
/*!40101 SET character_set_client = utf8 */;
CREATE TABLE `act_hi_actinst` (
  `ID_` varchar(64) COLLATE utf8_bin NOT NULL,
  `PROC_DEF_ID_` varchar(64) COLLATE utf8_bin NOT NULL,
  `PROC_INST_ID_` varchar(64) COLLATE utf8_bin NOT NULL,
  `EXECUTION_ID_` varchar(64) COLLATE utf8_bin NOT NULL,
  `ACT_ID_` varchar(255) COLLATE utf8_bin NOT NULL,
  `TASK_ID_` varchar(64) COLLATE utf8_bin DEFAULT NULL,
  `CALL_PROC_INST_ID_` varchar(64) COLLATE utf8_bin DEFAULT NULL,
  `ACT_NAME_` varchar(255) COLLATE utf8_bin DEFAULT NULL,
  `ACT_TYPE_` varchar(255) COLLATE utf8_bin NOT NULL,
  `ASSIGNEE_` varchar(255) COLLATE utf8_bin DEFAULT NULL,
  `START_TIME_` datetime(3) NOT NULL,
  `END_TIME_` datetime(3) DEFAULT NULL,
  `DURATION_` bigint(20) DEFAULT NULL,
  `TENANT_ID_` varchar(255) COLLATE utf8_bin DEFAULT '',
  PRIMARY KEY (`ID_`),
  KEY `ACT_IDX_HI_ACT_INST_START` (`START_TIME_`),
  KEY `ACT_IDX_HI_ACT_INST_END` (`END_TIME_`),
  KEY `ACT_IDX_HI_ACT_INST_PROCINST` (`PROC_INST_ID_`,`ACT_ID_`),
  KEY `ACT_IDX_HI_ACT_INST_EXEC` (`EXECUTION_ID_`,`ACT_ID_`)
) ENGINE=InnoDB DEFAULT CHARSET=utf8 COLLATE=utf8_bin;
/*!40101 SET character_set_client = @saved_cs_client */;

--
-- Dumping data for table `act_hi_actinst`
--

LOCK TABLES `act_hi_actinst` WRITE;
/*!40000 ALTER TABLE `act_hi_actinst` DISABLE KEYS */;
/*!40000 ALTER TABLE `act_hi_actinst` ENABLE KEYS */;
UNLOCK TABLES;

--
-- Table structure for table `act_hi_attachment`
--

DROP TABLE IF EXISTS `act_hi_attachment`;
/*!40101 SET @saved_cs_client     = @@character_set_client */;
/*!40101 SET character_set_client = utf8 */;
CREATE TABLE `act_hi_attachment` (
  `ID_` varchar(64) COLLATE utf8_bin NOT NULL,
  `REV_` int(11) DEFAULT NULL,
  `USER_ID_` varchar(255) COLLATE utf8_bin DEFAULT NULL,
  `NAME_` varchar(255) COLLATE utf8_bin DEFAULT NULL,
  `DESCRIPTION_` varchar(4000) COLLATE utf8_bin DEFAULT NULL,
  `TYPE_` varchar(255) COLLATE utf8_bin DEFAULT NULL,
  `TASK_ID_` varchar(64) COLLATE utf8_bin DEFAULT NULL,
  `PROC_INST_ID_` varchar(64) COLLATE utf8_bin DEFAULT NULL,
  `URL_` varchar(4000) COLLATE utf8_bin DEFAULT NULL,
  `CONTENT_ID_` varchar(64) COLLATE utf8_bin DEFAULT NULL,
  `TIME_` datetime(3) DEFAULT NULL,
  PRIMARY KEY (`ID_`)
) ENGINE=InnoDB DEFAULT CHARSET=utf8 COLLATE=utf8_bin;
/*!40101 SET character_set_client = @saved_cs_client */;

--
-- Dumping data for table `act_hi_attachment`
--

LOCK TABLES `act_hi_attachment` WRITE;
/*!40000 ALTER TABLE `act_hi_attachment` DISABLE KEYS */;
/*!40000 ALTER TABLE `act_hi_attachment` ENABLE KEYS */;
UNLOCK TABLES;

--
-- Table structure for table `act_hi_comment`
--

DROP TABLE IF EXISTS `act_hi_comment`;
/*!40101 SET @saved_cs_client     = @@character_set_client */;
/*!40101 SET character_set_client = utf8 */;
CREATE TABLE `act_hi_comment` (
  `ID_` varchar(64) COLLATE utf8_bin NOT NULL,
  `TYPE_` varchar(255) COLLATE utf8_bin DEFAULT NULL,
  `TIME_` datetime(3) NOT NULL,
  `USER_ID_` varchar(255) COLLATE utf8_bin DEFAULT NULL,
  `TASK_ID_` varchar(64) COLLATE utf8_bin DEFAULT NULL,
  `PROC_INST_ID_` varchar(64) COLLATE utf8_bin DEFAULT NULL,
  `ACTION_` varchar(255) COLLATE utf8_bin DEFAULT NULL,
  `MESSAGE_` varchar(4000) COLLATE utf8_bin DEFAULT NULL,
  `FULL_MSG_` longblob,
  PRIMARY KEY (`ID_`)
) ENGINE=InnoDB DEFAULT CHARSET=utf8 COLLATE=utf8_bin;
/*!40101 SET character_set_client = @saved_cs_client */;

--
-- Dumping data for table `act_hi_comment`
--

LOCK TABLES `act_hi_comment` WRITE;
/*!40000 ALTER TABLE `act_hi_comment` DISABLE KEYS */;
/*!40000 ALTER TABLE `act_hi_comment` ENABLE KEYS */;
UNLOCK TABLES;

--
-- Table structure for table `act_hi_detail`
--

DROP TABLE IF EXISTS `act_hi_detail`;
/*!40101 SET @saved_cs_client     = @@character_set_client */;
/*!40101 SET character_set_client = utf8 */;
CREATE TABLE `act_hi_detail` (
  `ID_` varchar(64) COLLATE utf8_bin NOT NULL,
  `TYPE_` varchar(255) COLLATE utf8_bin NOT NULL,
  `PROC_INST_ID_` varchar(64) COLLATE utf8_bin DEFAULT NULL,
  `EXECUTION_ID_` varchar(64) COLLATE utf8_bin DEFAULT NULL,
  `TASK_ID_` varchar(64) COLLATE utf8_bin DEFAULT NULL,
  `ACT_INST_ID_` varchar(64) COLLATE utf8_bin DEFAULT NULL,
  `NAME_` varchar(255) COLLATE utf8_bin NOT NULL,
  `VAR_TYPE_` varchar(255) COLLATE utf8_bin DEFAULT NULL,
  `REV_` int(11) DEFAULT NULL,
  `TIME_` datetime(3) NOT NULL,
  `BYTEARRAY_ID_` varchar(64) COLLATE utf8_bin DEFAULT NULL,
  `DOUBLE_` double DEFAULT NULL,
  `LONG_` bigint(20) DEFAULT NULL,
  `TEXT_` varchar(4000) COLLATE utf8_bin DEFAULT NULL,
  `TEXT2_` varchar(4000) COLLATE utf8_bin DEFAULT NULL,
  PRIMARY KEY (`ID_`),
  KEY `ACT_IDX_HI_DETAIL_PROC_INST` (`PROC_INST_ID_`),
  KEY `ACT_IDX_HI_DETAIL_ACT_INST` (`ACT_INST_ID_`),
  KEY `ACT_IDX_HI_DETAIL_TIME` (`TIME_`),
  KEY `ACT_IDX_HI_DETAIL_NAME` (`NAME_`),
  KEY `ACT_IDX_HI_DETAIL_TASK_ID` (`TASK_ID_`)
) ENGINE=InnoDB DEFAULT CHARSET=utf8 COLLATE=utf8_bin;
/*!40101 SET character_set_client = @saved_cs_client */;

--
-- Dumping data for table `act_hi_detail`
--

LOCK TABLES `act_hi_detail` WRITE;
/*!40000 ALTER TABLE `act_hi_detail` DISABLE KEYS */;
/*!40000 ALTER TABLE `act_hi_detail` ENABLE KEYS */;
UNLOCK TABLES;

--
-- Table structure for table `act_hi_identitylink`
--

DROP TABLE IF EXISTS `act_hi_identitylink`;
/*!40101 SET @saved_cs_client     = @@character_set_client */;
/*!40101 SET character_set_client = utf8 */;
CREATE TABLE `act_hi_identitylink` (
  `ID_` varchar(64) COLLATE utf8_bin NOT NULL DEFAULT '',
  `GROUP_ID_` varchar(255) COLLATE utf8_bin DEFAULT NULL,
  `TYPE_` varchar(255) COLLATE utf8_bin DEFAULT NULL,
  `USER_ID_` varchar(255) COLLATE utf8_bin DEFAULT NULL,
  `TASK_ID_` varchar(64) COLLATE utf8_bin DEFAULT NULL,
  `PROC_INST_ID_` varchar(64) COLLATE utf8_bin DEFAULT NULL,
  PRIMARY KEY (`ID_`),
  KEY `ACT_IDX_HI_IDENT_LNK_USER` (`USER_ID_`),
  KEY `ACT_IDX_HI_IDENT_LNK_TASK` (`TASK_ID_`),
  KEY `ACT_IDX_HI_IDENT_LNK_PROCINST` (`PROC_INST_ID_`)
) ENGINE=InnoDB DEFAULT CHARSET=utf8 COLLATE=utf8_bin;
/*!40101 SET character_set_client = @saved_cs_client */;

--
-- Dumping data for table `act_hi_identitylink`
--

LOCK TABLES `act_hi_identitylink` WRITE;
/*!40000 ALTER TABLE `act_hi_identitylink` DISABLE KEYS */;
/*!40000 ALTER TABLE `act_hi_identitylink` ENABLE KEYS */;
UNLOCK TABLES;

--
-- Table structure for table `act_hi_procinst`
--

DROP TABLE IF EXISTS `act_hi_procinst`;
/*!40101 SET @saved_cs_client     = @@character_set_client */;
/*!40101 SET character_set_client = utf8 */;
CREATE TABLE `act_hi_procinst` (
  `ID_` varchar(64) COLLATE utf8_bin NOT NULL,
  `PROC_INST_ID_` varchar(64) COLLATE utf8_bin NOT NULL,
  `BUSINESS_KEY_` varchar(255) COLLATE utf8_bin DEFAULT NULL,
  `PROC_DEF_ID_` varchar(64) COLLATE utf8_bin NOT NULL,
  `START_TIME_` datetime(3) NOT NULL,
  `END_TIME_` datetime(3) DEFAULT NULL,
  `DURATION_` bigint(20) DEFAULT NULL,
  `START_USER_ID_` varchar(255) COLLATE utf8_bin DEFAULT NULL,
  `START_ACT_ID_` varchar(255) COLLATE utf8_bin DEFAULT NULL,
  `END_ACT_ID_` varchar(255) COLLATE utf8_bin DEFAULT NULL,
  `SUPER_PROCESS_INSTANCE_ID_` varchar(64) COLLATE utf8_bin DEFAULT NULL,
  `DELETE_REASON_` varchar(4000) COLLATE utf8_bin DEFAULT NULL,
  `TENANT_ID_` varchar(255) COLLATE utf8_bin DEFAULT '',
  `NAME_` varchar(255) COLLATE utf8_bin DEFAULT NULL,
  PRIMARY KEY (`ID_`),
  UNIQUE KEY `PROC_INST_ID_` (`PROC_INST_ID_`),
  KEY `ACT_IDX_HI_PRO_INST_END` (`END_TIME_`),
  KEY `ACT_IDX_HI_PRO_I_BUSKEY` (`BUSINESS_KEY_`)
) ENGINE=InnoDB DEFAULT CHARSET=utf8 COLLATE=utf8_bin;
/*!40101 SET character_set_client = @saved_cs_client */;

--
-- Dumping data for table `act_hi_procinst`
--

LOCK TABLES `act_hi_procinst` WRITE;
/*!40000 ALTER TABLE `act_hi_procinst` DISABLE KEYS */;
/*!40000 ALTER TABLE `act_hi_procinst` ENABLE KEYS */;
UNLOCK TABLES;

--
-- Table structure for table `act_hi_taskinst`
--

DROP TABLE IF EXISTS `act_hi_taskinst`;
/*!40101 SET @saved_cs_client     = @@character_set_client */;
/*!40101 SET character_set_client = utf8 */;
CREATE TABLE `act_hi_taskinst` (
  `ID_` varchar(64) COLLATE utf8_bin NOT NULL,
  `PROC_DEF_ID_` varchar(64) COLLATE utf8_bin DEFAULT NULL,
  `TASK_DEF_KEY_` varchar(255) COLLATE utf8_bin DEFAULT NULL,
  `PROC_INST_ID_` varchar(64) COLLATE utf8_bin DEFAULT NULL,
  `EXECUTION_ID_` varchar(64) COLLATE utf8_bin DEFAULT NULL,
  `NAME_` varchar(255) COLLATE utf8_bin DEFAULT NULL,
  `PARENT_TASK_ID_` varchar(64) COLLATE utf8_bin DEFAULT NULL,
  `DESCRIPTION_` varchar(4000) COLLATE utf8_bin DEFAULT NULL,
  `OWNER_` varchar(255) COLLATE utf8_bin DEFAULT NULL,
  `ASSIGNEE_` varchar(255) COLLATE utf8_bin DEFAULT NULL,
  `START_TIME_` datetime(3) NOT NULL,
  `CLAIM_TIME_` datetime(3) DEFAULT NULL,
  `END_TIME_` datetime(3) DEFAULT NULL,
  `DURATION_` bigint(20) DEFAULT NULL,
  `DELETE_REASON_` varchar(4000) COLLATE utf8_bin DEFAULT NULL,
  `PRIORITY_` int(11) DEFAULT NULL,
  `DUE_DATE_` datetime(3) DEFAULT NULL,
  `FORM_KEY_` varchar(255) COLLATE utf8_bin DEFAULT NULL,
  `CATEGORY_` varchar(255) COLLATE utf8_bin DEFAULT NULL,
  `TENANT_ID_` varchar(255) COLLATE utf8_bin DEFAULT '',
  PRIMARY KEY (`ID_`),
  KEY `ACT_IDX_HI_TASK_INST_PROCINST` (`PROC_INST_ID_`)
) ENGINE=InnoDB DEFAULT CHARSET=utf8 COLLATE=utf8_bin;
/*!40101 SET character_set_client = @saved_cs_client */;

--
-- Dumping data for table `act_hi_taskinst`
--

LOCK TABLES `act_hi_taskinst` WRITE;
/*!40000 ALTER TABLE `act_hi_taskinst` DISABLE KEYS */;
/*!40000 ALTER TABLE `act_hi_taskinst` ENABLE KEYS */;
UNLOCK TABLES;

--
-- Table structure for table `act_hi_varinst`
--

DROP TABLE IF EXISTS `act_hi_varinst`;
/*!40101 SET @saved_cs_client     = @@character_set_client */;
/*!40101 SET character_set_client = utf8 */;
CREATE TABLE `act_hi_varinst` (
  `ID_` varchar(64) COLLATE utf8_bin NOT NULL,
  `PROC_INST_ID_` varchar(64) COLLATE utf8_bin DEFAULT NULL,
  `EXECUTION_ID_` varchar(64) COLLATE utf8_bin DEFAULT NULL,
  `TASK_ID_` varchar(64) COLLATE utf8_bin DEFAULT NULL,
  `NAME_` varchar(255) COLLATE utf8_bin NOT NULL,
  `VAR_TYPE_` varchar(100) COLLATE utf8_bin DEFAULT NULL,
  `REV_` int(11) DEFAULT NULL,
  `BYTEARRAY_ID_` varchar(64) COLLATE utf8_bin DEFAULT NULL,
  `DOUBLE_` double DEFAULT NULL,
  `LONG_` bigint(20) DEFAULT NULL,
  `TEXT_` varchar(4000) COLLATE utf8_bin DEFAULT NULL,
  `TEXT2_` varchar(4000) COLLATE utf8_bin DEFAULT NULL,
  `CREATE_TIME_` datetime(3) DEFAULT NULL,
  `LAST_UPDATED_TIME_` datetime(3) DEFAULT NULL,
  PRIMARY KEY (`ID_`),
  KEY `ACT_IDX_HI_PROCVAR_PROC_INST` (`PROC_INST_ID_`),
  KEY `ACT_IDX_HI_PROCVAR_NAME_TYPE` (`NAME_`,`VAR_TYPE_`),
  KEY `ACT_IDX_HI_PROCVAR_TASK_ID` (`TASK_ID_`)
) ENGINE=InnoDB DEFAULT CHARSET=utf8 COLLATE=utf8_bin;
/*!40101 SET character_set_client = @saved_cs_client */;

--
-- Dumping data for table `act_hi_varinst`
--

LOCK TABLES `act_hi_varinst` WRITE;
/*!40000 ALTER TABLE `act_hi_varinst` DISABLE KEYS */;
/*!40000 ALTER TABLE `act_hi_varinst` ENABLE KEYS */;
UNLOCK TABLES;

--
-- Temporary table structure for view `act_id_group`
--

DROP TABLE IF EXISTS `act_id_group`;
/*!50001 DROP VIEW IF EXISTS `act_id_group`*/;
SET @saved_cs_client     = @@character_set_client;
SET character_set_client = utf8;
/*!50001 CREATE VIEW `act_id_group` AS SELECT 
 1 AS `id_`,
 1 AS `rev_`,
 1 AS `name_`,
 1 AS `type_`*/;
SET character_set_client = @saved_cs_client;

--
-- Temporary table structure for view `act_id_membership`
--

DROP TABLE IF EXISTS `act_id_membership`;
/*!50001 DROP VIEW IF EXISTS `act_id_membership`*/;
SET @saved_cs_client     = @@character_set_client;
SET character_set_client = utf8;
/*!50001 CREATE VIEW `act_id_membership` AS SELECT 
 1 AS `user_id_`,
 1 AS `group_id_`*/;
SET character_set_client = @saved_cs_client;

--
-- Temporary table structure for view `act_id_user`
--

DROP TABLE IF EXISTS `act_id_user`;
/*!50001 DROP VIEW IF EXISTS `act_id_user`*/;
SET @saved_cs_client     = @@character_set_client;
SET character_set_client = utf8;
/*!50001 CREATE VIEW `act_id_user` AS SELECT 
 1 AS `id_`,
 1 AS `rev_`,
 1 AS `first_`,
 1 AS `last_`,
 1 AS `email_`,
 1 AS `pwd_`,
 1 AS `picture_id_`*/;
SET character_set_client = @saved_cs_client;

--
-- Table structure for table `act_procdef_info`
--

DROP TABLE IF EXISTS `act_procdef_info`;
/*!40101 SET @saved_cs_client     = @@character_set_client */;
/*!40101 SET character_set_client = utf8 */;
CREATE TABLE `act_procdef_info` (
  `ID_` varchar(64) COLLATE utf8_bin NOT NULL,
  `PROC_DEF_ID_` varchar(64) COLLATE utf8_bin NOT NULL,
  `REV_` int(11) DEFAULT NULL,
  `INFO_JSON_ID_` varchar(64) COLLATE utf8_bin DEFAULT NULL,
  PRIMARY KEY (`ID_`),
  UNIQUE KEY `ACT_UNIQ_INFO_PROCDEF` (`PROC_DEF_ID_`),
  KEY `ACT_IDX_INFO_PROCDEF` (`PROC_DEF_ID_`),
  KEY `ACT_FK_INFO_JSON_BA` (`INFO_JSON_ID_`),
  CONSTRAINT `ACT_FK_INFO_JSON_BA` FOREIGN KEY (`INFO_JSON_ID_`) REFERENCES `act_ge_bytearray` (`ID_`),
  CONSTRAINT `ACT_FK_INFO_PROCDEF` FOREIGN KEY (`PROC_DEF_ID_`) REFERENCES `act_re_procdef` (`ID_`)
) ENGINE=InnoDB DEFAULT CHARSET=utf8 COLLATE=utf8_bin;
/*!40101 SET character_set_client = @saved_cs_client */;

--
-- Dumping data for table `act_procdef_info`
--

LOCK TABLES `act_procdef_info` WRITE;
/*!40000 ALTER TABLE `act_procdef_info` DISABLE KEYS */;
/*!40000 ALTER TABLE `act_procdef_info` ENABLE KEYS */;
UNLOCK TABLES;

--
-- Table structure for table `act_re_deployment`
--

DROP TABLE IF EXISTS `act_re_deployment`;
/*!40101 SET @saved_cs_client     = @@character_set_client */;
/*!40101 SET character_set_client = utf8 */;
CREATE TABLE `act_re_deployment` (
  `ID_` varchar(64) COLLATE utf8_bin NOT NULL DEFAULT '',
  `NAME_` varchar(255) COLLATE utf8_bin DEFAULT NULL,
  `CATEGORY_` varchar(255) COLLATE utf8_bin DEFAULT NULL,
  `TENANT_ID_` varchar(255) COLLATE utf8_bin DEFAULT '',
  `DEPLOY_TIME_` timestamp(3) NULL DEFAULT NULL,
  PRIMARY KEY (`ID_`)
) ENGINE=InnoDB DEFAULT CHARSET=utf8 COLLATE=utf8_bin;
/*!40101 SET character_set_client = @saved_cs_client */;

--
-- Dumping data for table `act_re_deployment`
--

LOCK TABLES `act_re_deployment` WRITE;
/*!40000 ALTER TABLE `act_re_deployment` DISABLE KEYS */;
/*!40000 ALTER TABLE `act_re_deployment` ENABLE KEYS */;
UNLOCK TABLES;

--
-- Table structure for table `act_re_model`
--

DROP TABLE IF EXISTS `act_re_model`;
/*!40101 SET @saved_cs_client     = @@character_set_client */;
/*!40101 SET character_set_client = utf8 */;
CREATE TABLE `act_re_model` (
  `ID_` varchar(64) COLLATE utf8_bin NOT NULL,
  `REV_` int(11) DEFAULT NULL,
  `NAME_` varchar(255) COLLATE utf8_bin DEFAULT NULL,
  `KEY_` varchar(255) COLLATE utf8_bin DEFAULT NULL,
  `CATEGORY_` varchar(255) COLLATE utf8_bin DEFAULT NULL,
  `CREATE_TIME_` timestamp(3) NULL DEFAULT NULL,
  `LAST_UPDATE_TIME_` timestamp(3) NULL DEFAULT NULL,
  `VERSION_` int(11) DEFAULT NULL,
  `META_INFO_` varchar(4000) COLLATE utf8_bin DEFAULT NULL,
  `DEPLOYMENT_ID_` varchar(64) COLLATE utf8_bin DEFAULT NULL,
  `EDITOR_SOURCE_VALUE_ID_` varchar(64) COLLATE utf8_bin DEFAULT NULL,
  `EDITOR_SOURCE_EXTRA_VALUE_ID_` varchar(64) COLLATE utf8_bin DEFAULT NULL,
  `TENANT_ID_` varchar(255) COLLATE utf8_bin DEFAULT '',
  PRIMARY KEY (`ID_`),
  KEY `ACT_FK_MODEL_SOURCE` (`EDITOR_SOURCE_VALUE_ID_`),
  KEY `ACT_FK_MODEL_SOURCE_EXTRA` (`EDITOR_SOURCE_EXTRA_VALUE_ID_`),
  KEY `ACT_FK_MODEL_DEPLOYMENT` (`DEPLOYMENT_ID_`),
  CONSTRAINT `ACT_FK_MODEL_DEPLOYMENT` FOREIGN KEY (`DEPLOYMENT_ID_`) REFERENCES `act_re_deployment` (`ID_`),
  CONSTRAINT `ACT_FK_MODEL_SOURCE` FOREIGN KEY (`EDITOR_SOURCE_VALUE_ID_`) REFERENCES `act_ge_bytearray` (`ID_`),
  CONSTRAINT `ACT_FK_MODEL_SOURCE_EXTRA` FOREIGN KEY (`EDITOR_SOURCE_EXTRA_VALUE_ID_`) REFERENCES `act_ge_bytearray` (`ID_`)
) ENGINE=InnoDB DEFAULT CHARSET=utf8 COLLATE=utf8_bin;
/*!40101 SET character_set_client = @saved_cs_client */;

--
-- Dumping data for table `act_re_model`
--

LOCK TABLES `act_re_model` WRITE;
/*!40000 ALTER TABLE `act_re_model` DISABLE KEYS */;
/*!40000 ALTER TABLE `act_re_model` ENABLE KEYS */;
UNLOCK TABLES;

--
-- Table structure for table `act_re_procdef`
--

DROP TABLE IF EXISTS `act_re_procdef`;
/*!40101 SET @saved_cs_client     = @@character_set_client */;
/*!40101 SET character_set_client = utf8 */;
CREATE TABLE `act_re_procdef` (
  `ID_` varchar(64) COLLATE utf8_bin NOT NULL,
  `REV_` int(11) DEFAULT NULL,
  `CATEGORY_` varchar(255) COLLATE utf8_bin DEFAULT NULL,
  `NAME_` varchar(255) COLLATE utf8_bin DEFAULT NULL,
  `KEY_` varchar(255) COLLATE utf8_bin NOT NULL,
  `VERSION_` int(11) NOT NULL,
  `DEPLOYMENT_ID_` varchar(64) COLLATE utf8_bin DEFAULT NULL,
  `RESOURCE_NAME_` varchar(4000) COLLATE utf8_bin DEFAULT NULL,
  `DGRM_RESOURCE_NAME_` varchar(4000) COLLATE utf8_bin DEFAULT NULL,
  `DESCRIPTION_` varchar(4000) COLLATE utf8_bin DEFAULT NULL,
  `HAS_START_FORM_KEY_` tinyint(4) DEFAULT NULL,
  `HAS_GRAPHICAL_NOTATION_` tinyint(4) DEFAULT NULL,
  `SUSPENSION_STATE_` int(11) DEFAULT NULL,
  `TENANT_ID_` varchar(255) COLLATE utf8_bin DEFAULT '',
  PRIMARY KEY (`ID_`),
  UNIQUE KEY `ACT_UNIQ_PROCDEF` (`KEY_`,`VERSION_`,`TENANT_ID_`)
) ENGINE=InnoDB DEFAULT CHARSET=utf8 COLLATE=utf8_bin;
/*!40101 SET character_set_client = @saved_cs_client */;

--
-- Dumping data for table `act_re_procdef`
--

LOCK TABLES `act_re_procdef` WRITE;
/*!40000 ALTER TABLE `act_re_procdef` DISABLE KEYS */;
/*!40000 ALTER TABLE `act_re_procdef` ENABLE KEYS */;
UNLOCK TABLES;

--
-- Table structure for table `act_ru_event_subscr`
--

DROP TABLE IF EXISTS `act_ru_event_subscr`;
/*!40101 SET @saved_cs_client     = @@character_set_client */;
/*!40101 SET character_set_client = utf8 */;
CREATE TABLE `act_ru_event_subscr` (
  `ID_` varchar(64) COLLATE utf8_bin NOT NULL,
  `REV_` int(11) DEFAULT NULL,
  `EVENT_TYPE_` varchar(255) COLLATE utf8_bin NOT NULL,
  `EVENT_NAME_` varchar(255) COLLATE utf8_bin DEFAULT NULL,
  `EXECUTION_ID_` varchar(64) COLLATE utf8_bin DEFAULT NULL,
  `PROC_INST_ID_` varchar(64) COLLATE utf8_bin DEFAULT NULL,
  `ACTIVITY_ID_` varchar(64) COLLATE utf8_bin DEFAULT NULL,
  `CONFIGURATION_` varchar(255) COLLATE utf8_bin DEFAULT NULL,
  `CREATED_` timestamp(3) NOT NULL DEFAULT CURRENT_TIMESTAMP(3),
  `PROC_DEF_ID_` varchar(64) COLLATE utf8_bin DEFAULT NULL,
  `TENANT_ID_` varchar(255) COLLATE utf8_bin DEFAULT '',
  PRIMARY KEY (`ID_`),
  KEY `ACT_IDX_EVENT_SUBSCR_CONFIG_` (`CONFIGURATION_`),
  KEY `ACT_FK_EVENT_EXEC` (`EXECUTION_ID_`),
  CONSTRAINT `ACT_FK_EVENT_EXEC` FOREIGN KEY (`EXECUTION_ID_`) REFERENCES `act_ru_execution` (`ID_`)
) ENGINE=InnoDB DEFAULT CHARSET=utf8 COLLATE=utf8_bin;
/*!40101 SET character_set_client = @saved_cs_client */;

--
-- Dumping data for table `act_ru_event_subscr`
--

LOCK TABLES `act_ru_event_subscr` WRITE;
/*!40000 ALTER TABLE `act_ru_event_subscr` DISABLE KEYS */;
/*!40000 ALTER TABLE `act_ru_event_subscr` ENABLE KEYS */;
UNLOCK TABLES;

--
-- Table structure for table `act_ru_execution`
--

DROP TABLE IF EXISTS `act_ru_execution`;
/*!40101 SET @saved_cs_client     = @@character_set_client */;
/*!40101 SET character_set_client = utf8 */;
CREATE TABLE `act_ru_execution` (
  `ID_` varchar(64) COLLATE utf8_bin NOT NULL DEFAULT '',
  `REV_` int(11) DEFAULT NULL,
  `PROC_INST_ID_` varchar(64) COLLATE utf8_bin DEFAULT NULL,
  `BUSINESS_KEY_` varchar(255) COLLATE utf8_bin DEFAULT NULL,
  `PARENT_ID_` varchar(64) COLLATE utf8_bin DEFAULT NULL,
  `PROC_DEF_ID_` varchar(64) COLLATE utf8_bin DEFAULT NULL,
  `SUPER_EXEC_` varchar(64) COLLATE utf8_bin DEFAULT NULL,
  `ACT_ID_` varchar(255) COLLATE utf8_bin DEFAULT NULL,
  `IS_ACTIVE_` tinyint(4) DEFAULT NULL,
  `IS_CONCURRENT_` tinyint(4) DEFAULT NULL,
  `IS_SCOPE_` tinyint(4) DEFAULT NULL,
  `IS_EVENT_SCOPE_` tinyint(4) DEFAULT NULL,
  `SUSPENSION_STATE_` int(11) DEFAULT NULL,
  `CACHED_ENT_STATE_` int(11) DEFAULT NULL,
  `TENANT_ID_` varchar(255) COLLATE utf8_bin DEFAULT '',
  `NAME_` varchar(255) COLLATE utf8_bin DEFAULT NULL,
  `LOCK_TIME_` timestamp(3) NULL DEFAULT NULL,
  PRIMARY KEY (`ID_`),
  KEY `ACT_IDX_EXEC_BUSKEY` (`BUSINESS_KEY_`),
  KEY `ACT_FK_EXE_PROCINST` (`PROC_INST_ID_`),
  KEY `ACT_FK_EXE_PARENT` (`PARENT_ID_`),
  KEY `ACT_FK_EXE_SUPER` (`SUPER_EXEC_`),
  KEY `ACT_FK_EXE_PROCDEF` (`PROC_DEF_ID_`),
  CONSTRAINT `ACT_FK_EXE_PARENT` FOREIGN KEY (`PARENT_ID_`) REFERENCES `act_ru_execution` (`ID_`),
  CONSTRAINT `ACT_FK_EXE_PROCDEF` FOREIGN KEY (`PROC_DEF_ID_`) REFERENCES `act_re_procdef` (`ID_`),
  CONSTRAINT `ACT_FK_EXE_PROCINST` FOREIGN KEY (`PROC_INST_ID_`) REFERENCES `act_ru_execution` (`ID_`) ON DELETE CASCADE ON UPDATE CASCADE,
  CONSTRAINT `ACT_FK_EXE_SUPER` FOREIGN KEY (`SUPER_EXEC_`) REFERENCES `act_ru_execution` (`ID_`)
) ENGINE=InnoDB DEFAULT CHARSET=utf8 COLLATE=utf8_bin;
/*!40101 SET character_set_client = @saved_cs_client */;

--
-- Dumping data for table `act_ru_execution`
--

LOCK TABLES `act_ru_execution` WRITE;
/*!40000 ALTER TABLE `act_ru_execution` DISABLE KEYS */;
/*!40000 ALTER TABLE `act_ru_execution` ENABLE KEYS */;
UNLOCK TABLES;

--
-- Table structure for table `act_ru_identitylink`
--

DROP TABLE IF EXISTS `act_ru_identitylink`;
/*!40101 SET @saved_cs_client     = @@character_set_client */;
/*!40101 SET character_set_client = utf8 */;
CREATE TABLE `act_ru_identitylink` (
  `ID_` varchar(64) COLLATE utf8_bin NOT NULL DEFAULT '',
  `REV_` int(11) DEFAULT NULL,
  `GROUP_ID_` varchar(255) COLLATE utf8_bin DEFAULT NULL,
  `TYPE_` varchar(255) COLLATE utf8_bin DEFAULT NULL,
  `USER_ID_` varchar(255) COLLATE utf8_bin DEFAULT NULL,
  `TASK_ID_` varchar(64) COLLATE utf8_bin DEFAULT NULL,
  `PROC_INST_ID_` varchar(64) COLLATE utf8_bin DEFAULT NULL,
  `PROC_DEF_ID_` varchar(64) COLLATE utf8_bin DEFAULT NULL,
  PRIMARY KEY (`ID_`),
  KEY `ACT_IDX_IDENT_LNK_USER` (`USER_ID_`),
  KEY `ACT_IDX_IDENT_LNK_GROUP` (`GROUP_ID_`),
  KEY `ACT_IDX_ATHRZ_PROCEDEF` (`PROC_DEF_ID_`),
  KEY `ACT_FK_TSKASS_TASK` (`TASK_ID_`),
  KEY `ACT_FK_IDL_PROCINST` (`PROC_INST_ID_`),
  CONSTRAINT `ACT_FK_ATHRZ_PROCEDEF` FOREIGN KEY (`PROC_DEF_ID_`) REFERENCES `act_re_procdef` (`ID_`),
  CONSTRAINT `ACT_FK_IDL_PROCINST` FOREIGN KEY (`PROC_INST_ID_`) REFERENCES `act_ru_execution` (`ID_`),
  CONSTRAINT `ACT_FK_TSKASS_TASK` FOREIGN KEY (`TASK_ID_`) REFERENCES `act_ru_task` (`ID_`)
) ENGINE=InnoDB DEFAULT CHARSET=utf8 COLLATE=utf8_bin;
/*!40101 SET character_set_client = @saved_cs_client */;

--
-- Dumping data for table `act_ru_identitylink`
--

LOCK TABLES `act_ru_identitylink` WRITE;
/*!40000 ALTER TABLE `act_ru_identitylink` DISABLE KEYS */;
/*!40000 ALTER TABLE `act_ru_identitylink` ENABLE KEYS */;
UNLOCK TABLES;

--
-- Table structure for table `act_ru_job`
--

DROP TABLE IF EXISTS `act_ru_job`;
/*!40101 SET @saved_cs_client     = @@character_set_client */;
/*!40101 SET character_set_client = utf8 */;
CREATE TABLE `act_ru_job` (
  `ID_` varchar(64) COLLATE utf8_bin NOT NULL,
  `REV_` int(11) DEFAULT NULL,
  `TYPE_` varchar(255) COLLATE utf8_bin NOT NULL,
  `LOCK_EXP_TIME_` timestamp(3) NULL DEFAULT NULL,
  `LOCK_OWNER_` varchar(255) COLLATE utf8_bin DEFAULT NULL,
  `EXCLUSIVE_` tinyint(1) DEFAULT NULL,
  `EXECUTION_ID_` varchar(64) COLLATE utf8_bin DEFAULT NULL,
  `PROCESS_INSTANCE_ID_` varchar(64) COLLATE utf8_bin DEFAULT NULL,
  `PROC_DEF_ID_` varchar(64) COLLATE utf8_bin DEFAULT NULL,
  `RETRIES_` int(11) DEFAULT NULL,
  `EXCEPTION_STACK_ID_` varchar(64) COLLATE utf8_bin DEFAULT NULL,
  `EXCEPTION_MSG_` varchar(4000) COLLATE utf8_bin DEFAULT NULL,
  `DUEDATE_` timestamp(3) NULL DEFAULT NULL,
  `REPEAT_` varchar(255) COLLATE utf8_bin DEFAULT NULL,
  `HANDLER_TYPE_` varchar(255) COLLATE utf8_bin DEFAULT NULL,
  `HANDLER_CFG_` varchar(4000) COLLATE utf8_bin DEFAULT NULL,
  `TENANT_ID_` varchar(255) COLLATE utf8_bin DEFAULT '',
  PRIMARY KEY (`ID_`),
  KEY `ACT_FK_JOB_EXCEPTION` (`EXCEPTION_STACK_ID_`),
  CONSTRAINT `ACT_FK_JOB_EXCEPTION` FOREIGN KEY (`EXCEPTION_STACK_ID_`) REFERENCES `act_ge_bytearray` (`ID_`)
) ENGINE=InnoDB DEFAULT CHARSET=utf8 COLLATE=utf8_bin;
/*!40101 SET character_set_client = @saved_cs_client */;

--
-- Dumping data for table `act_ru_job`
--

LOCK TABLES `act_ru_job` WRITE;
/*!40000 ALTER TABLE `act_ru_job` DISABLE KEYS */;
/*!40000 ALTER TABLE `act_ru_job` ENABLE KEYS */;
UNLOCK TABLES;

--
-- Table structure for table `act_ru_task`
--

DROP TABLE IF EXISTS `act_ru_task`;
/*!40101 SET @saved_cs_client     = @@character_set_client */;
/*!40101 SET character_set_client = utf8 */;
CREATE TABLE `act_ru_task` (
  `ID_` varchar(64) COLLATE utf8_bin NOT NULL DEFAULT '',
  `REV_` int(11) DEFAULT NULL,
  `EXECUTION_ID_` varchar(64) COLLATE utf8_bin DEFAULT NULL,
  `PROC_INST_ID_` varchar(64) COLLATE utf8_bin DEFAULT NULL,
  `PROC_DEF_ID_` varchar(64) COLLATE utf8_bin DEFAULT NULL,
  `NAME_` varchar(255) COLLATE utf8_bin DEFAULT NULL,
  `PARENT_TASK_ID_` varchar(64) COLLATE utf8_bin DEFAULT NULL,
  `DESCRIPTION_` varchar(4000) COLLATE utf8_bin DEFAULT NULL,
  `TASK_DEF_KEY_` varchar(255) COLLATE utf8_bin DEFAULT NULL,
  `OWNER_` varchar(255) COLLATE utf8_bin DEFAULT NULL,
  `ASSIGNEE_` varchar(255) COLLATE utf8_bin DEFAULT NULL,
  `DELEGATION_` varchar(64) COLLATE utf8_bin DEFAULT NULL,
  `PRIORITY_` int(11) DEFAULT NULL,
  `CREATE_TIME_` timestamp(3) NULL DEFAULT NULL,
  `DUE_DATE_` datetime(3) DEFAULT NULL,
  `CATEGORY_` varchar(255) COLLATE utf8_bin DEFAULT NULL,
  `SUSPENSION_STATE_` int(11) DEFAULT NULL,
  `TENANT_ID_` varchar(255) COLLATE utf8_bin DEFAULT '',
  `FORM_KEY_` varchar(255) COLLATE utf8_bin DEFAULT NULL,
  PRIMARY KEY (`ID_`),
  KEY `ACT_IDX_TASK_CREATE` (`CREATE_TIME_`),
  KEY `ACT_FK_TASK_EXE` (`EXECUTION_ID_`),
  KEY `ACT_FK_TASK_PROCINST` (`PROC_INST_ID_`),
  KEY `ACT_FK_TASK_PROCDEF` (`PROC_DEF_ID_`),
  CONSTRAINT `ACT_FK_TASK_EXE` FOREIGN KEY (`EXECUTION_ID_`) REFERENCES `act_ru_execution` (`ID_`),
  CONSTRAINT `ACT_FK_TASK_PROCDEF` FOREIGN KEY (`PROC_DEF_ID_`) REFERENCES `act_re_procdef` (`ID_`),
  CONSTRAINT `ACT_FK_TASK_PROCINST` FOREIGN KEY (`PROC_INST_ID_`) REFERENCES `act_ru_execution` (`ID_`)
) ENGINE=InnoDB DEFAULT CHARSET=utf8 COLLATE=utf8_bin;
/*!40101 SET character_set_client = @saved_cs_client */;

--
-- Dumping data for table `act_ru_task`
--

LOCK TABLES `act_ru_task` WRITE;
/*!40000 ALTER TABLE `act_ru_task` DISABLE KEYS */;
/*!40000 ALTER TABLE `act_ru_task` ENABLE KEYS */;
UNLOCK TABLES;

--
-- Table structure for table `act_ru_variable`
--

DROP TABLE IF EXISTS `act_ru_variable`;
/*!40101 SET @saved_cs_client     = @@character_set_client */;
/*!40101 SET character_set_client = utf8 */;
CREATE TABLE `act_ru_variable` (
  `ID_` varchar(64) COLLATE utf8_bin NOT NULL,
  `REV_` int(11) DEFAULT NULL,
  `TYPE_` varchar(255) COLLATE utf8_bin NOT NULL,
  `NAME_` varchar(255) COLLATE utf8_bin NOT NULL,
  `EXECUTION_ID_` varchar(64) COLLATE utf8_bin DEFAULT NULL,
  `PROC_INST_ID_` varchar(64) COLLATE utf8_bin DEFAULT NULL,
  `TASK_ID_` varchar(64) COLLATE utf8_bin DEFAULT NULL,
  `BYTEARRAY_ID_` varchar(64) COLLATE utf8_bin DEFAULT NULL,
  `DOUBLE_` double DEFAULT NULL,
  `LONG_` bigint(20) DEFAULT NULL,
  `TEXT_` varchar(4000) COLLATE utf8_bin DEFAULT NULL,
  `TEXT2_` varchar(4000) COLLATE utf8_bin DEFAULT NULL,
  PRIMARY KEY (`ID_`),
  KEY `ACT_IDX_VARIABLE_TASK_ID` (`TASK_ID_`),
  KEY `ACT_FK_VAR_EXE` (`EXECUTION_ID_`),
  KEY `ACT_FK_VAR_PROCINST` (`PROC_INST_ID_`),
  KEY `ACT_FK_VAR_BYTEARRAY` (`BYTEARRAY_ID_`),
  CONSTRAINT `ACT_FK_VAR_BYTEARRAY` FOREIGN KEY (`BYTEARRAY_ID_`) REFERENCES `act_ge_bytearray` (`ID_`),
  CONSTRAINT `ACT_FK_VAR_EXE` FOREIGN KEY (`EXECUTION_ID_`) REFERENCES `act_ru_execution` (`ID_`),
  CONSTRAINT `ACT_FK_VAR_PROCINST` FOREIGN KEY (`PROC_INST_ID_`) REFERENCES `act_ru_execution` (`ID_`)
) ENGINE=InnoDB DEFAULT CHARSET=utf8 COLLATE=utf8_bin;
/*!40101 SET character_set_client = @saved_cs_client */;

--
-- Dumping data for table `act_ru_variable`
--

LOCK TABLES `act_ru_variable` WRITE;
/*!40000 ALTER TABLE `act_ru_variable` DISABLE KEYS */;
/*!40000 ALTER TABLE `act_ru_variable` ENABLE KEYS */;
UNLOCK TABLES;

--
-- Table structure for table `districts`
--

DROP TABLE IF EXISTS `districts`;
/*!40101 SET @saved_cs_client     = @@character_set_client */;
/*!40101 SET character_set_client = utf8 */;
CREATE TABLE `districts` (
  `id` int(6) unsigned NOT NULL COMMENT 'ÁºñÂè∑',
  `pid` int(6) NOT NULL DEFAULT '0' COMMENT '‰∏äÁ∫ßÁºñÂè∑',
  `deep` tinyint(1) NOT NULL DEFAULT '0' COMMENT 'Â±ÇÁ∫ß',
  `name` varchar(32) NOT NULL DEFAULT '' COMMENT 'ÂêçÁß∞',
  `pinyin` varchar(64) DEFAULT NULL COMMENT 'ÊãºÈü≥',
  `pinyin_shor` varchar(64) DEFAULT '' COMMENT 'ÊãºÈü≥Áº©ÂÜô',
  `ext_name` varchar(64) DEFAULT '' COMMENT 'Êâ©Â±ïÂêç',
  `create_time` datetime DEFAULT NULL COMMENT 'ÂàõÂª∫Êó∂Èó¥',
  `update_time` datetime DEFAULT NULL COMMENT 'Êõ¥Êñ∞Êó∂Èó¥',
  `operator` varchar(32) DEFAULT '' COMMENT 'Êìç‰Ωú‰∫∫',
  PRIMARY KEY (`id`) USING BTREE
) ENGINE=InnoDB DEFAULT CHARSET=utf8mb4 ROW_FORMAT=COMPACT COMMENT='Âú∞Âå∫';
/*!40101 SET character_set_client = @saved_cs_client */;

--
-- Dumping data for table `districts`
--

LOCK TABLES `districts` WRITE;
/*!40000 ALTER TABLE `districts` DISABLE KEYS */;
/*!40000 ALTER TABLE `districts` ENABLE KEYS */;
UNLOCK TABLES;

--
-- Table structure for table `knowledge_menu`
--

DROP TABLE IF EXISTS `knowledge_menu`;
/*!40101 SET @saved_cs_client     = @@character_set_client */;
/*!40101 SET character_set_client = utf8 */;
CREATE TABLE `knowledge_menu` (
  `menu_id` bigint(20) NOT NULL AUTO_INCREMENT COMMENT 'ËèúÂçïID',
  `menu_name` varchar(50) COLLATE utf8_bin NOT NULL COMMENT 'ËèúÂçïÂêçÁß∞',
  `parent_id` bigint(20) DEFAULT '0' COMMENT 'Áà∂ËèúÂçïID',
  `order_num` int(4) DEFAULT '0' COMMENT 'ÊòæÁ§∫È°∫Â∫è',
  `url` varchar(200) COLLATE utf8_bin DEFAULT '#' COMMENT 'ËØ∑Ê±ÇÂú∞ÂùÄ',
  `menu_type` char(1) COLLATE utf8_bin DEFAULT '' COMMENT 'ËèúÂçïÁ±ªÂûãÔºàMÁõÆÂΩï CËèúÂçï FÊåâÈíÆÔºâ',
  `visible` char(1) COLLATE utf8_bin DEFAULT '0' COMMENT 'ËèúÂçïÁä∂ÊÄÅÔºà0ÊòæÁ§∫ 1ÈöêËóèÔºâ',
  `perms` varchar(100) COLLATE utf8_bin DEFAULT NULL COMMENT 'ÊùÉÈôêÊ†áËØÜ',
  `icon` varchar(100) COLLATE utf8_bin DEFAULT '#' COMMENT 'ËèúÂçïÂõæÊ†á',
  `create_by` varchar(64) COLLATE utf8_bin DEFAULT '' COMMENT 'ÂàõÂª∫ËÄÖ',
  `create_time` datetime DEFAULT NULL COMMENT 'ÂàõÂª∫Êó∂Èó¥',
  `update_by` varchar(64) COLLATE utf8_bin DEFAULT '' COMMENT 'Êõ¥Êñ∞ËÄÖ',
  `update_time` datetime DEFAULT NULL COMMENT 'Êõ¥Êñ∞Êó∂Èó¥',
  `remark` varchar(500) COLLATE utf8_bin DEFAULT '' COMMENT 'Â§áÊ≥®',
  `extend1` varchar(255) COLLATE utf8_bin DEFAULT NULL,
  `extend2` varchar(255) COLLATE utf8_bin DEFAULT NULL,
  `extend3` varchar(255) COLLATE utf8_bin DEFAULT NULL,
  `extend4` varchar(255) COLLATE utf8_bin DEFAULT NULL,
  `extend5` varchar(255) COLLATE utf8_bin DEFAULT NULL,
  PRIMARY KEY (`menu_id`) USING BTREE
) ENGINE=InnoDB AUTO_INCREMENT=18 DEFAULT CHARSET=utf8 COLLATE=utf8_bin ROW_FORMAT=COMPACT COMMENT='ËèúÂçïÊùÉÈôêË°®';
/*!40101 SET character_set_client = @saved_cs_client */;

--
-- Dumping data for table `knowledge_menu`
--

LOCK TABLES `knowledge_menu` WRITE;
/*!40000 ALTER TABLE `knowledge_menu` DISABLE KEYS */;
INSERT INTO `knowledge_menu` VALUES (1,'ÊïôÁ†îÈÉ®',0,1,'#','M','0',NULL,'fa fa-tag','admin',NULL,'admin',NULL,'',NULL,NULL,NULL,NULL,NULL),(3,'ÊïôÂ≠¶ËµÑÊñô',1,1,'#','C','0',NULL,'#','admin',NULL,'admin',NULL,'',NULL,NULL,NULL,NULL,NULL),(16,'Â≠¶ÊúØÈÉ®',0,1,'#','C','0',NULL,'#','admin',NULL,'',NULL,'',NULL,NULL,NULL,NULL,NULL),(17,'ÊïôË¥®ÈÉ®',0,2,'#','C','0',NULL,'fa fa-address-book','admin',NULL,'',NULL,'',NULL,NULL,NULL,NULL,NULL);
/*!40000 ALTER TABLE `knowledge_menu` ENABLE KEYS */;
UNLOCK TABLES;

--
-- Table structure for table `knowledge_oss`
--

DROP TABLE IF EXISTS `knowledge_oss`;
/*!40101 SET @saved_cs_client     = @@character_set_client */;
/*!40101 SET character_set_client = utf8 */;
CREATE TABLE `knowledge_oss` (
  `id` bigint(20) NOT NULL AUTO_INCREMENT COMMENT 'ÁºñÂè∑',
  `file_name` varchar(64) NOT NULL DEFAULT '' COMMENT 'Êñá‰ª∂Âêç',
  `file_suffix` varchar(10) NOT NULL DEFAULT '' COMMENT 'Êñá‰ª∂ÂêéÁºÄÂêç',
  `url` varchar(200) NOT NULL COMMENT 'URLÂú∞ÂùÄ',
  `create_time` datetime DEFAULT NULL COMMENT 'ÂàõÂª∫Êó∂Èó¥',
  `create_by` varchar(64) NOT NULL DEFAULT '' COMMENT '‰∏ä‰º†‰∫∫',
  `service` tinyint(2) NOT NULL DEFAULT '1' COMMENT 'ÊúçÂä°ÂïÜ',
  `menu_id` int(11) DEFAULT NULL COMMENT 'ËèúÂçïid',
  `status` varchar(2) DEFAULT NULL COMMENT 'Áä∂ÊÄÅ',
  `extend1` varchar(10) CHARACTER SET utf8 COLLATE utf8_bin DEFAULT NULL COMMENT 'Êñá‰ª∂Êù•Ê∫ê',
  `extend2` varchar(255) CHARACTER SET utf8 COLLATE utf8_bin DEFAULT NULL COMMENT 'Â§áÊ≥®',
  `extend3` varchar(255) CHARACTER SET utf8 COLLATE utf8_bin DEFAULT NULL,
  `extend4` varchar(255) CHARACTER SET utf8 COLLATE utf8_bin DEFAULT NULL,
  `extend5` varchar(255) CHARACTER SET utf8 COLLATE utf8_bin DEFAULT NULL,
  PRIMARY KEY (`id`) USING BTREE
) ENGINE=InnoDB DEFAULT CHARSET=utf8 ROW_FORMAT=COMPACT COMMENT='Êñá‰ª∂‰∏ä‰º†';
/*!40101 SET character_set_client = @saved_cs_client */;

--
-- Dumping data for table `knowledge_oss`
--

LOCK TABLES `knowledge_oss` WRITE;
/*!40000 ALTER TABLE `knowledge_oss` DISABLE KEYS */;
/*!40000 ALTER TABLE `knowledge_oss` ENABLE KEYS */;
UNLOCK TABLES;

--
-- Table structure for table `qrtz_blob_triggers`
--

DROP TABLE IF EXISTS `qrtz_blob_triggers`;
/*!40101 SET @saved_cs_client     = @@character_set_client */;
/*!40101 SET character_set_client = utf8 */;
CREATE TABLE `qrtz_blob_triggers` (
  `sched_name` varchar(120) COLLATE utf8_bin NOT NULL,
  `trigger_name` varchar(200) COLLATE utf8_bin NOT NULL,
  `trigger_group` varchar(200) COLLATE utf8_bin NOT NULL,
  `blob_data` blob,
  PRIMARY KEY (`sched_name`,`trigger_name`,`trigger_group`) USING BTREE,
  CONSTRAINT `QRTZ_BLOB_TRIGGERS_ibfk_1` FOREIGN KEY (`sched_name`, `trigger_name`, `trigger_group`) REFERENCES `qrtz_triggers` (`sched_name`, `trigger_name`, `trigger_group`)
) ENGINE=InnoDB DEFAULT CHARSET=utf8 COLLATE=utf8_bin ROW_FORMAT=COMPACT;
/*!40101 SET character_set_client = @saved_cs_client */;

--
-- Dumping data for table `qrtz_blob_triggers`
--

LOCK TABLES `qrtz_blob_triggers` WRITE;
/*!40000 ALTER TABLE `qrtz_blob_triggers` DISABLE KEYS */;
/*!40000 ALTER TABLE `qrtz_blob_triggers` ENABLE KEYS */;
UNLOCK TABLES;

--
-- Table structure for table `qrtz_calendars`
--

DROP TABLE IF EXISTS `qrtz_calendars`;
/*!40101 SET @saved_cs_client     = @@character_set_client */;
/*!40101 SET character_set_client = utf8 */;
CREATE TABLE `qrtz_calendars` (
  `sched_name` varchar(120) COLLATE utf8_bin NOT NULL,
  `calendar_name` varchar(200) COLLATE utf8_bin NOT NULL,
  `calendar` blob NOT NULL,
  PRIMARY KEY (`sched_name`,`calendar_name`) USING BTREE
) ENGINE=InnoDB DEFAULT CHARSET=utf8 COLLATE=utf8_bin ROW_FORMAT=COMPACT;
/*!40101 SET character_set_client = @saved_cs_client */;

--
-- Dumping data for table `qrtz_calendars`
--

LOCK TABLES `qrtz_calendars` WRITE;
/*!40000 ALTER TABLE `qrtz_calendars` DISABLE KEYS */;
/*!40000 ALTER TABLE `qrtz_calendars` ENABLE KEYS */;
UNLOCK TABLES;

--
-- Table structure for table `qrtz_cron_triggers`
--

DROP TABLE IF EXISTS `qrtz_cron_triggers`;
/*!40101 SET @saved_cs_client     = @@character_set_client */;
/*!40101 SET character_set_client = utf8 */;
CREATE TABLE `qrtz_cron_triggers` (
  `sched_name` varchar(120) COLLATE utf8_bin NOT NULL,
  `trigger_name` varchar(200) COLLATE utf8_bin NOT NULL,
  `trigger_group` varchar(200) COLLATE utf8_bin NOT NULL,
  `cron_expression` varchar(200) COLLATE utf8_bin NOT NULL,
  `time_zone_id` varchar(80) COLLATE utf8_bin DEFAULT NULL,
  PRIMARY KEY (`sched_name`,`trigger_name`,`trigger_group`) USING BTREE,
  CONSTRAINT `QRTZ_CRON_TRIGGERS_ibfk_1` FOREIGN KEY (`sched_name`, `trigger_name`, `trigger_group`) REFERENCES `qrtz_triggers` (`sched_name`, `trigger_name`, `trigger_group`)
) ENGINE=InnoDB DEFAULT CHARSET=utf8 COLLATE=utf8_bin ROW_FORMAT=COMPACT;
/*!40101 SET character_set_client = @saved_cs_client */;

--
-- Dumping data for table `qrtz_cron_triggers`
--

LOCK TABLES `qrtz_cron_triggers` WRITE;
/*!40000 ALTER TABLE `qrtz_cron_triggers` DISABLE KEYS */;
INSERT INTO `qrtz_cron_triggers` VALUES ('RuoyiScheduler','__TASK_CLASS_NAME__1','DEFAULT','0/10 * * * * ?','Asia/Shanghai'),('RuoyiScheduler','__TASK_CLASS_NAME__2','DEFAULT','0/20 * * * * ?','Asia/Shanghai'),('fosutechScheduler','__TASK_CLASS_NAME__1','DEFAULT','0/10 * * * * ?','Hongkong');
/*!40000 ALTER TABLE `qrtz_cron_triggers` ENABLE KEYS */;
UNLOCK TABLES;

--
-- Table structure for table `qrtz_fired_triggers`
--

DROP TABLE IF EXISTS `qrtz_fired_triggers`;
/*!40101 SET @saved_cs_client     = @@character_set_client */;
/*!40101 SET character_set_client = utf8 */;
CREATE TABLE `qrtz_fired_triggers` (
  `sched_name` varchar(120) COLLATE utf8_bin NOT NULL,
  `entry_id` varchar(95) COLLATE utf8_bin NOT NULL,
  `trigger_name` varchar(200) COLLATE utf8_bin NOT NULL,
  `trigger_group` varchar(200) COLLATE utf8_bin NOT NULL,
  `instance_name` varchar(200) COLLATE utf8_bin NOT NULL,
  `fired_time` bigint(13) NOT NULL,
  `sched_time` bigint(13) NOT NULL,
  `priority` int(11) NOT NULL,
  `state` varchar(16) COLLATE utf8_bin NOT NULL,
  `job_name` varchar(200) COLLATE utf8_bin DEFAULT NULL,
  `job_group` varchar(200) COLLATE utf8_bin DEFAULT NULL,
  `is_nonconcurrent` varchar(1) COLLATE utf8_bin DEFAULT NULL,
  `requests_recovery` varchar(1) COLLATE utf8_bin DEFAULT NULL,
  PRIMARY KEY (`sched_name`,`entry_id`) USING BTREE
) ENGINE=InnoDB DEFAULT CHARSET=utf8 COLLATE=utf8_bin ROW_FORMAT=COMPACT;
/*!40101 SET character_set_client = @saved_cs_client */;

--
-- Dumping data for table `qrtz_fired_triggers`
--

LOCK TABLES `qrtz_fired_triggers` WRITE;
/*!40000 ALTER TABLE `qrtz_fired_triggers` DISABLE KEYS */;
/*!40000 ALTER TABLE `qrtz_fired_triggers` ENABLE KEYS */;
UNLOCK TABLES;

--
-- Table structure for table `qrtz_job_details`
--

DROP TABLE IF EXISTS `qrtz_job_details`;
/*!40101 SET @saved_cs_client     = @@character_set_client */;
/*!40101 SET character_set_client = utf8 */;
CREATE TABLE `qrtz_job_details` (
  `sched_name` varchar(120) COLLATE utf8_bin NOT NULL,
  `job_name` varchar(200) COLLATE utf8_bin NOT NULL,
  `job_group` varchar(200) COLLATE utf8_bin NOT NULL,
  `description` varchar(250) COLLATE utf8_bin DEFAULT NULL,
  `job_class_name` varchar(250) COLLATE utf8_bin NOT NULL,
  `is_durable` varchar(1) COLLATE utf8_bin NOT NULL,
  `is_nonconcurrent` varchar(1) COLLATE utf8_bin NOT NULL,
  `is_update_data` varchar(1) COLLATE utf8_bin NOT NULL,
  `requests_recovery` varchar(1) COLLATE utf8_bin NOT NULL,
  `job_data` blob,
  PRIMARY KEY (`sched_name`,`job_name`,`job_group`) USING BTREE
) ENGINE=InnoDB DEFAULT CHARSET=utf8 COLLATE=utf8_bin ROW_FORMAT=COMPACT;
/*!40101 SET character_set_client = @saved_cs_client */;

--
-- Dumping data for table `qrtz_job_details`
--

LOCK TABLES `qrtz_job_details` WRITE;
/*!40000 ALTER TABLE `qrtz_job_details` DISABLE KEYS */;
INSERT INTO `qrtz_job_details` VALUES ('RuoyiScheduler','__TASK_CLASS_NAME__1','DEFAULT',NULL,'com.hp.quartz.util.ScheduleJob','0','1','0','0','¨Ì\0sr\0org.quartz.JobDataMapü∞ÉËø©∞À\0\0xr\0&org.quartz.utils.StringKeyDirtyFlagMapÇË√˚≈](\0Z\0allowsTransientDataxr\0org.quartz.utils.DirtyFlagMapÊ.≠(v\nŒ\0Z\0dirtyL\0mapt\0Ljava/util/Map;xpsr\0java.util.HashMap⁄¡√`—\0F\0\nloadFactorI\0	thresholdxp?@\0\0\0\0\0w\0\0\0\0\0\0t\0__TASK_PROPERTIES__sr\0com.hp.quartz.domain.SysJob\0\0\0\0\0\0\0\0L\0cronExpressiont\0Ljava/lang/String;L\0jobGroupq\0~\0	L\0jobIdt\0Ljava/lang/Long;L\0jobNameq\0~\0	L\0\nmethodNameq\0~\0	L\0methodParamsq\0~\0	L\0\rmisfirePolicyq\0~\0	L\0statusq\0~\0	xr\0com.hp.common.base.BaseEntity\0\0\0\0\0\0\0\0L\0createByq\0~\0	L\0\ncreateTimet\0Ljava/util/Date;L\0paramsq\0~\0L\0remarkq\0~\0	L\0searchValueq\0~\0	L\0updateByq\0~\0	L\0\nupdateTimeq\0~\0xpt\0adminsr\0java.util.DatehjÅKYt\0\0xpw\0\0b,ﬁ)‡xpt\0\0pppt\00/10 * * * * ?t\0Á≥ªÁªüÈªòËÆ§ÔºàÊó†ÂèÇÔºâsr\0java.lang.Long;ã‰êÃè#ﬂ\0J\0valuexr\0java.lang.NumberÜ¨ïî‡ã\0\0xp\0\0\0\0\0\0\0t\0ryTaskt\0\nryNoParamst\0\0t\03t\01x\0'),('RuoyiScheduler','__TASK_CLASS_NAME__2','DEFAULT',NULL,'com.hp.quartz.util.ScheduleJob','0','1','0','0','¨Ì\0sr\0org.quartz.JobDataMapü∞ÉËø©∞À\0\0xr\0&org.quartz.utils.StringKeyDirtyFlagMapÇË√˚≈](\0Z\0allowsTransientDataxr\0org.quartz.utils.DirtyFlagMapÊ.≠(v\nŒ\0Z\0dirtyL\0mapt\0Ljava/util/Map;xpsr\0java.util.HashMap⁄¡√`—\0F\0\nloadFactorI\0	thresholdxp?@\0\0\0\0\0w\0\0\0\0\0\0t\0__TASK_PROPERTIES__sr\0com.hp.quartz.domain.SysJob\0\0\0\0\0\0\0\0L\0cronExpressiont\0Ljava/lang/String;L\0jobGroupq\0~\0	L\0jobIdt\0Ljava/lang/Long;L\0jobNameq\0~\0	L\0\nmethodNameq\0~\0	L\0methodParamsq\0~\0	L\0\rmisfirePolicyq\0~\0	L\0statusq\0~\0	xr\0com.hp.common.base.BaseEntity\0\0\0\0\0\0\0\0L\0createByq\0~\0	L\0\ncreateTimet\0Ljava/util/Date;L\0paramsq\0~\0L\0remarkq\0~\0	L\0searchValueq\0~\0	L\0updateByq\0~\0	L\0\nupdateTimeq\0~\0xpt\0adminsr\0java.util.DatehjÅKYt\0\0xpw\0\0b,ﬁ)‡xpt\0\0pppt\00/20 * * * * ?t\0Á≥ªÁªüÈªòËÆ§ÔºàÊúâÂèÇÔºâsr\0java.lang.Long;ã‰êÃè#ﬂ\0J\0valuexr\0java.lang.NumberÜ¨ïî‡ã\0\0xp\0\0\0\0\0\0\0t\0ryTaskt\0ryParamst\0ryt\03t\01x\0'),('fosutechScheduler','__TASK_CLASS_NAME__1','DEFAULT',NULL,'edu.fosu.quartz.util.ScheduleJob','0','1','0','0','¨Ì\0sr\0org.quartz.JobDataMapü∞ÉËø©∞À\0\0xr\0&org.quartz.utils.StringKeyDirtyFlagMapÇË√˚≈](\0Z\0allowsTransientDataxr\0org.quartz.utils.DirtyFlagMapÊ.≠(v\nŒ\0Z\0dirtyL\0mapt\0Ljava/util/Map;xpsr\0java.util.HashMap⁄¡√`—\0F\0\nloadFactorI\0	thresholdxp?@\0\0\0\0\0w\0\0\0\0\0\0t\0__TASK_PROPERTIES__sr\0edu.fosu.quartz.domain.SysJob\0\0\0\0\0\0\0\0L\0cronExpressiont\0Ljava/lang/String;L\0jobGroupq\0~\0	L\0jobIdt\0Ljava/lang/Long;L\0jobNameq\0~\0	L\0\nmethodNameq\0~\0	L\0methodParamsq\0~\0	L\0\rmisfirePolicyq\0~\0	L\0statusq\0~\0	xr\0edu.fosu.common.base.BaseEntity\0\0\0\0\0\0\0\0L\0countq\0~\0\nL\0createByq\0~\0	L\0\ncreateTimet\0Ljava/util/Date;L\0paramsq\0~\0L\0remarkq\0~\0	L\0searchValueq\0~\0	L\0updateByq\0~\0	L\0\nupdateTimeq\0~\0xppt\0adminppt\0\0pppt\00/10 * * * * ?t\0ÁªüËÆ°sr\0java.lang.Long;ã‰êÃè#ﬂ\0J\0valuexr\0java.lang.NumberÜ¨ïî‡ã\0\0xp\0\0\0\0\0\0\0t\0ÁªüËÆ°‰ø°ÊÅØt\0statisticsTeachClassMontht\0\0t\01t\01x\0');
/*!40000 ALTER TABLE `qrtz_job_details` ENABLE KEYS */;
UNLOCK TABLES;

--
-- Table structure for table `qrtz_locks`
--

DROP TABLE IF EXISTS `qrtz_locks`;
/*!40101 SET @saved_cs_client     = @@character_set_client */;
/*!40101 SET character_set_client = utf8 */;
CREATE TABLE `qrtz_locks` (
  `sched_name` varchar(120) COLLATE utf8_bin NOT NULL,
  `lock_name` varchar(40) COLLATE utf8_bin NOT NULL,
  PRIMARY KEY (`sched_name`,`lock_name`) USING BTREE
) ENGINE=InnoDB DEFAULT CHARSET=utf8 COLLATE=utf8_bin ROW_FORMAT=COMPACT;
/*!40101 SET character_set_client = @saved_cs_client */;

--
-- Dumping data for table `qrtz_locks`
--

LOCK TABLES `qrtz_locks` WRITE;
/*!40000 ALTER TABLE `qrtz_locks` DISABLE KEYS */;
INSERT INTO `qrtz_locks` VALUES ('HpScheduler','STATE_ACCESS'),('HpScheduler','TRIGGER_ACCESS'),('RuoyiScheduler','STATE_ACCESS'),('RuoyiScheduler','TRIGGER_ACCESS'),('fosutechScheduler','STATE_ACCESS'),('fosutechScheduler','TRIGGER_ACCESS');
/*!40000 ALTER TABLE `qrtz_locks` ENABLE KEYS */;
UNLOCK TABLES;

--
-- Table structure for table `qrtz_paused_trigger_grps`
--

DROP TABLE IF EXISTS `qrtz_paused_trigger_grps`;
/*!40101 SET @saved_cs_client     = @@character_set_client */;
/*!40101 SET character_set_client = utf8 */;
CREATE TABLE `qrtz_paused_trigger_grps` (
  `sched_name` varchar(120) COLLATE utf8_bin NOT NULL,
  `trigger_group` varchar(200) COLLATE utf8_bin NOT NULL,
  PRIMARY KEY (`sched_name`,`trigger_group`) USING BTREE
) ENGINE=InnoDB DEFAULT CHARSET=utf8 COLLATE=utf8_bin ROW_FORMAT=COMPACT;
/*!40101 SET character_set_client = @saved_cs_client */;

--
-- Dumping data for table `qrtz_paused_trigger_grps`
--

LOCK TABLES `qrtz_paused_trigger_grps` WRITE;
/*!40000 ALTER TABLE `qrtz_paused_trigger_grps` DISABLE KEYS */;
/*!40000 ALTER TABLE `qrtz_paused_trigger_grps` ENABLE KEYS */;
UNLOCK TABLES;

--
-- Table structure for table `qrtz_scheduler_state`
--

DROP TABLE IF EXISTS `qrtz_scheduler_state`;
/*!40101 SET @saved_cs_client     = @@character_set_client */;
/*!40101 SET character_set_client = utf8 */;
CREATE TABLE `qrtz_scheduler_state` (
  `sched_name` varchar(120) COLLATE utf8_bin NOT NULL,
  `instance_name` varchar(200) COLLATE utf8_bin NOT NULL,
  `last_checkin_time` bigint(13) NOT NULL,
  `checkin_interval` bigint(13) NOT NULL,
  PRIMARY KEY (`sched_name`,`instance_name`) USING BTREE
) ENGINE=InnoDB DEFAULT CHARSET=utf8 COLLATE=utf8_bin ROW_FORMAT=COMPACT;
/*!40101 SET character_set_client = @saved_cs_client */;

--
-- Dumping data for table `qrtz_scheduler_state`
--

LOCK TABLES `qrtz_scheduler_state` WRITE;
/*!40000 ALTER TABLE `qrtz_scheduler_state` DISABLE KEYS */;
INSERT INTO `qrtz_scheduler_state` VALUES ('HpScheduler','Moe1702813682286',1702814166523,15000),('RuoyiScheduler','53fe071ca0c11547797734583',1552296681699,15000),('fosutechScheduler','Moe1703009694909',1703011544115,15000);
/*!40000 ALTER TABLE `qrtz_scheduler_state` ENABLE KEYS */;
UNLOCK TABLES;

--
-- Table structure for table `qrtz_simple_triggers`
--

DROP TABLE IF EXISTS `qrtz_simple_triggers`;
/*!40101 SET @saved_cs_client     = @@character_set_client */;
/*!40101 SET character_set_client = utf8 */;
CREATE TABLE `qrtz_simple_triggers` (
  `sched_name` varchar(120) COLLATE utf8_bin NOT NULL,
  `trigger_name` varchar(200) COLLATE utf8_bin NOT NULL,
  `trigger_group` varchar(200) COLLATE utf8_bin NOT NULL,
  `repeat_count` bigint(7) NOT NULL,
  `repeat_interval` bigint(12) NOT NULL,
  `times_triggered` bigint(10) NOT NULL,
  PRIMARY KEY (`sched_name`,`trigger_name`,`trigger_group`) USING BTREE,
  CONSTRAINT `QRTZ_SIMPLE_TRIGGERS_ibfk_1` FOREIGN KEY (`sched_name`, `trigger_name`, `trigger_group`) REFERENCES `qrtz_triggers` (`sched_name`, `trigger_name`, `trigger_group`)
) ENGINE=InnoDB DEFAULT CHARSET=utf8 COLLATE=utf8_bin ROW_FORMAT=COMPACT;
/*!40101 SET character_set_client = @saved_cs_client */;

--
-- Dumping data for table `qrtz_simple_triggers`
--

LOCK TABLES `qrtz_simple_triggers` WRITE;
/*!40000 ALTER TABLE `qrtz_simple_triggers` DISABLE KEYS */;
/*!40000 ALTER TABLE `qrtz_simple_triggers` ENABLE KEYS */;
UNLOCK TABLES;

--
-- Table structure for table `qrtz_simprop_triggers`
--

DROP TABLE IF EXISTS `qrtz_simprop_triggers`;
/*!40101 SET @saved_cs_client     = @@character_set_client */;
/*!40101 SET character_set_client = utf8 */;
CREATE TABLE `qrtz_simprop_triggers` (
  `sched_name` varchar(120) COLLATE utf8_bin NOT NULL,
  `trigger_name` varchar(200) COLLATE utf8_bin NOT NULL,
  `trigger_group` varchar(200) COLLATE utf8_bin NOT NULL,
  `str_prop_1` varchar(512) COLLATE utf8_bin DEFAULT NULL,
  `str_prop_2` varchar(512) COLLATE utf8_bin DEFAULT NULL,
  `str_prop_3` varchar(512) COLLATE utf8_bin DEFAULT NULL,
  `int_prop_1` int(11) DEFAULT NULL,
  `int_prop_2` int(11) DEFAULT NULL,
  `long_prop_1` bigint(20) DEFAULT NULL,
  `long_prop_2` bigint(20) DEFAULT NULL,
  `dec_prop_1` decimal(13,4) DEFAULT NULL,
  `dec_prop_2` decimal(13,4) DEFAULT NULL,
  `bool_prop_1` varchar(1) COLLATE utf8_bin DEFAULT NULL,
  `bool_prop_2` varchar(1) COLLATE utf8_bin DEFAULT NULL,
  PRIMARY KEY (`sched_name`,`trigger_name`,`trigger_group`) USING BTREE,
  CONSTRAINT `QRTZ_SIMPROP_TRIGGERS_ibfk_1` FOREIGN KEY (`sched_name`, `trigger_name`, `trigger_group`) REFERENCES `qrtz_triggers` (`sched_name`, `trigger_name`, `trigger_group`)
) ENGINE=InnoDB DEFAULT CHARSET=utf8 COLLATE=utf8_bin ROW_FORMAT=COMPACT;
/*!40101 SET character_set_client = @saved_cs_client */;

--
-- Dumping data for table `qrtz_simprop_triggers`
--

LOCK TABLES `qrtz_simprop_triggers` WRITE;
/*!40000 ALTER TABLE `qrtz_simprop_triggers` DISABLE KEYS */;
/*!40000 ALTER TABLE `qrtz_simprop_triggers` ENABLE KEYS */;
UNLOCK TABLES;

--
-- Table structure for table `qrtz_triggers`
--

DROP TABLE IF EXISTS `qrtz_triggers`;
/*!40101 SET @saved_cs_client     = @@character_set_client */;
/*!40101 SET character_set_client = utf8 */;
CREATE TABLE `qrtz_triggers` (
  `sched_name` varchar(120) COLLATE utf8_bin NOT NULL,
  `trigger_name` varchar(200) COLLATE utf8_bin NOT NULL,
  `trigger_group` varchar(200) COLLATE utf8_bin NOT NULL,
  `job_name` varchar(200) COLLATE utf8_bin NOT NULL,
  `job_group` varchar(200) COLLATE utf8_bin NOT NULL,
  `description` varchar(250) COLLATE utf8_bin DEFAULT NULL,
  `next_fire_time` bigint(13) DEFAULT NULL,
  `prev_fire_time` bigint(13) DEFAULT NULL,
  `priority` int(11) DEFAULT NULL,
  `trigger_state` varchar(16) COLLATE utf8_bin NOT NULL,
  `trigger_type` varchar(8) COLLATE utf8_bin NOT NULL,
  `start_time` bigint(13) NOT NULL,
  `end_time` bigint(13) DEFAULT NULL,
  `calendar_name` varchar(200) COLLATE utf8_bin DEFAULT NULL,
  `misfire_instr` smallint(2) DEFAULT NULL,
  `job_data` blob,
  PRIMARY KEY (`sched_name`,`trigger_name`,`trigger_group`) USING BTREE,
  KEY `sched_name` (`sched_name`,`job_name`,`job_group`) USING BTREE,
  CONSTRAINT `QRTZ_TRIGGERS_ibfk_1` FOREIGN KEY (`sched_name`, `job_name`, `job_group`) REFERENCES `qrtz_job_details` (`sched_name`, `job_name`, `job_group`)
) ENGINE=InnoDB DEFAULT CHARSET=utf8 COLLATE=utf8_bin ROW_FORMAT=COMPACT;
/*!40101 SET character_set_client = @saved_cs_client */;

--
-- Dumping data for table `qrtz_triggers`
--

LOCK TABLES `qrtz_triggers` WRITE;
/*!40000 ALTER TABLE `qrtz_triggers` DISABLE KEYS */;
INSERT INTO `qrtz_triggers` VALUES ('RuoyiScheduler','__TASK_CLASS_NAME__1','DEFAULT','__TASK_CLASS_NAME__1','DEFAULT',NULL,1547706280000,-1,5,'PAUSED','CRON',1547706273000,0,NULL,0,'¨Ì\0sr\0org.quartz.JobDataMapü∞ÉËø©∞À\0\0xr\0&org.quartz.utils.StringKeyDirtyFlagMapÇË√˚≈](\0Z\0allowsTransientDataxr\0org.quartz.utils.DirtyFlagMapÊ.≠(v\nŒ\0Z\0dirtyL\0mapt\0Ljava/util/Map;xpsr\0java.util.HashMap⁄¡√`—\0F\0\nloadFactorI\0	thresholdxp?@\0\0\0\0\0w\0\0\0\0\0\0t\0__TASK_PROPERTIES__sr\0com.hp.quartz.domain.SysJob\0\0\0\0\0\0\0\0L\0cronExpressiont\0Ljava/lang/String;L\0jobGroupq\0~\0	L\0jobIdt\0Ljava/lang/Long;L\0jobNameq\0~\0	L\0\nmethodNameq\0~\0	L\0methodParamsq\0~\0	L\0\rmisfirePolicyq\0~\0	L\0statusq\0~\0	xr\0com.hp.common.base.BaseEntity\0\0\0\0\0\0\0\0L\0countq\0~\0\nL\0createByq\0~\0	L\0\ncreateTimet\0Ljava/util/Date;L\0paramsq\0~\0L\0remarkq\0~\0	L\0searchValueq\0~\0	L\0updateByq\0~\0	L\0\nupdateTimeq\0~\0xppt\0adminsr\0java.util.DatehjÅKYt\0\0xpw\0\0i\"7	xpt\0\0pppt\00/10 * * * * ?t\0Á≥ªÁªüÈªòËÆ§ÔºàÊó†ÂèÇÔºâsr\0java.lang.Long;ã‰êÃè#ﬂ\0J\0valuexr\0java.lang.NumberÜ¨ïî‡ã\0\0xp\0\0\0\0\0\0\0t\0hpTaskt\0\nryNoParamst\0\0t\00t\01x\0'),('RuoyiScheduler','__TASK_CLASS_NAME__2','DEFAULT','__TASK_CLASS_NAME__2','DEFAULT',NULL,1547706280000,-1,5,'PAUSED','CRON',1547706279000,0,NULL,2,''),('fosutechScheduler','__TASK_CLASS_NAME__1','DEFAULT','__TASK_CLASS_NAME__1','DEFAULT',NULL,1702913070000,-1,5,'PAUSED','CRON',1702913066000,0,NULL,-1,'¨Ì\0sr\0org.quartz.JobDataMapü∞ÉËø©∞À\0\0xr\0&org.quartz.utils.StringKeyDirtyFlagMapÇË√˚≈](\0Z\0allowsTransientDataxr\0org.quartz.utils.DirtyFlagMapÊ.≠(v\nŒ\0Z\0dirtyL\0mapt\0Ljava/util/Map;xpsr\0java.util.HashMap⁄¡√`—\0F\0\nloadFactorI\0	thresholdxp?@\0\0\0\0\0w\0\0\0\0\0\0t\0__TASK_PROPERTIES__sr\0edu.fosu.quartz.domain.SysJob\0\0\0\0\0\0\0\0L\0cronExpressiont\0Ljava/lang/String;L\0jobGroupq\0~\0	L\0jobIdt\0Ljava/lang/Long;L\0jobNameq\0~\0	L\0\nmethodNameq\0~\0	L\0methodParamsq\0~\0	L\0\rmisfirePolicyq\0~\0	L\0statusq\0~\0	xr\0edu.fosu.common.base.BaseEntity\0\0\0\0\0\0\0\0L\0countq\0~\0\nL\0createByq\0~\0	L\0\ncreateTimet\0Ljava/util/Date;L\0paramsq\0~\0L\0remarkq\0~\0	L\0searchValueq\0~\0	L\0updateByq\0~\0	L\0\nupdateTimeq\0~\0xppt\0adminsr\0java.util.DatehjÅKYt\0\0xpw\0\0å{œ–xpt\0\0pppt\00/10 * * * * ?t\0ÊúàÊï∞ÊçÆÊ±áÊÄªÔºàÊåâÁè≠Á∫ßÔºâsr\0java.lang.Long;ã‰êÃè#ﬂ\0J\0valuexr\0java.lang.NumberÜ¨ïî‡ã\0\0xp\0\0\0\0\0\0\0t\0fosutechTaskt\0statisticsTeachClassMontht\0\0t\01t\01x\0');
/*!40000 ALTER TABLE `qrtz_triggers` ENABLE KEYS */;
UNLOCK TABLES;

--
-- Table structure for table `sys_config`
--

DROP TABLE IF EXISTS `sys_config`;
/*!40101 SET @saved_cs_client     = @@character_set_client */;
/*!40101 SET character_set_client = utf8 */;
CREATE TABLE `sys_config` (
  `config_id` int(5) NOT NULL AUTO_INCREMENT COMMENT 'ÂèÇÊï∞‰∏ªÈîÆ',
  `config_name` varchar(100) COLLATE utf8_bin DEFAULT '' COMMENT 'ÂèÇÊï∞ÂêçÁß∞',
  `config_key` varchar(100) COLLATE utf8_bin DEFAULT '' COMMENT 'ÂèÇÊï∞ÈîÆÂêç',
  `config_value` varchar(2000) COLLATE utf8_bin DEFAULT '' COMMENT 'ÂèÇÊï∞ÈîÆÂÄº',
  `config_type` char(1) COLLATE utf8_bin DEFAULT 'N' COMMENT 'Á≥ªÁªüÂÜÖÁΩÆÔºàYÊòØ NÂê¶Ôºâ',
  `create_by` varchar(64) COLLATE utf8_bin DEFAULT '' COMMENT 'ÂàõÂª∫ËÄÖ',
  `create_time` datetime DEFAULT NULL COMMENT 'ÂàõÂª∫Êó∂Èó¥',
  `update_by` varchar(64) COLLATE utf8_bin DEFAULT '' COMMENT 'Êõ¥Êñ∞ËÄÖ',
  `update_time` datetime DEFAULT NULL COMMENT 'Êõ¥Êñ∞Êó∂Èó¥',
  `remark` varchar(500) COLLATE utf8_bin DEFAULT NULL COMMENT 'Â§áÊ≥®',
  PRIMARY KEY (`config_id`) USING BTREE
) ENGINE=InnoDB AUTO_INCREMENT=6 DEFAULT CHARSET=utf8 COLLATE=utf8_bin ROW_FORMAT=COMPACT COMMENT='ÂèÇÊï∞ÈÖçÁΩÆË°®';
/*!40101 SET character_set_client = @saved_cs_client */;

--
-- Dumping data for table `sys_config`
--

LOCK TABLES `sys_config` WRITE;
/*!40000 ALTER TABLE `sys_config` DISABLE KEYS */;
INSERT INTO `sys_config` VALUES (1,'‰∏ªÊ°ÜÊû∂È°µ-ÈªòËÆ§ÁöÆËÇ§Ê†∑ÂºèÂêçÁß∞','sys.index.skinName','skin-blue','Y','admin','2023-12-05 15:27:11','admin','2023-12-05 15:27:11','ËìùËâ≤ skin-blue„ÄÅÁªøËâ≤ skin-green„ÄÅÁ¥´Ëâ≤ skin-purple„ÄÅÁ∫¢Ëâ≤ skin-red„ÄÅÈªÑËâ≤ skin-yellow'),(2,'Áî®Êà∑ÁÆ°ÁêÜ-Ë¥¶Âè∑ÂàùÂßãÂØÜÁ†Å','sys.user.initPassword','123456','Y','admin','2023-12-05 15:27:11','ry','2023-12-05 15:27:11','ÂàùÂßãÂåñÂØÜÁ†Å 123456'),(3,'ossÂ≠òÂÇ®ÈÖçÁΩÆ','sys.oss.cloudStorage','{\"type\":2,\"qiniuDomain\":\"\",\"qiniuPrefix\":\"upload\",\"qiniuAccessKey\":\"\",\"qiniuSecretKey\":\"\",\"qiniuBucketName\":\"ios-app\",\"aliyunDomain\":\"http://whhp.oss-cn-hangzhou.aliyuncs.com\",\"aliyunPrefix\":\"image/head\",\"aliyunEndPoint\":\"http://oss-cn-hangzhou.aliyuncs.com\",\"aliyunAccessKeyId\":\"LTAIhF7G5e1HF7tt\",\"aliyunAccessKeySecret\":\"BTawwOGhYZuLbag2b1QunDRhcX5UTI\",\"aliyunBucketName\":\"whhp\",\"qcloudDomain\":\"\",\"qcloudPrefix\":\"\",\"qcloudSecretId\":\"\",\"qcloudBucketName\":\"\",\"qcloudRegion\":\"\"}','Y','admin','2023-12-05 15:27:11','','2023-12-05 15:27:11','ossÂ≠òÂÇ®ÈÖçÁΩÆ'),(4,'Á≥ªÁªüÈÖçÁΩÆÂåñÂêçÁß∞','sys.index.SystemName','Êô∫ÊÖßÊïôËÇ≤ÁÆ°ÁêÜÂπ≥Âè∞','Y','admin','2023-12-05 15:27:11','admin','2023-12-05 15:27:11',''),(5,'Á≥ªÁªüÂÖ¨ÂëäÊªöÂä®','sys.index.radio','ÊµãËØï','Y','admin','2023-12-05 15:27:11','admin','2023-12-05 15:27:11','');
/*!40000 ALTER TABLE `sys_config` ENABLE KEYS */;
UNLOCK TABLES;

--
-- Table structure for table `sys_dept`
--

DROP TABLE IF EXISTS `sys_dept`;
/*!40101 SET @saved_cs_client     = @@character_set_client */;
/*!40101 SET character_set_client = utf8 */;
CREATE TABLE `sys_dept` (
  `dept_id` bigint(20) NOT NULL AUTO_INCREMENT COMMENT 'ÈÉ®Èó®id',
  `parent_id` bigint(20) DEFAULT '0' COMMENT 'Áà∂ÈÉ®Èó®id',
  `ancestors` varchar(50) COLLATE utf8_bin DEFAULT '' COMMENT 'Á•ñÁ∫ßÂàóË°®',
  `dept_name` varchar(30) COLLATE utf8_bin DEFAULT '' COMMENT 'ÈÉ®Èó®ÂêçÁß∞',
  `order_num` int(4) DEFAULT '0' COMMENT 'ÊòæÁ§∫È°∫Â∫è',
  `leader` varchar(20) COLLATE utf8_bin DEFAULT NULL COMMENT 'Ë¥üË¥£‰∫∫',
  `phone` varchar(11) COLLATE utf8_bin DEFAULT NULL COMMENT 'ËÅîÁ≥ªÁîµËØù',
  `email` varchar(50) COLLATE utf8_bin DEFAULT NULL COMMENT 'ÈÇÆÁÆ±',
  `status` char(1) COLLATE utf8_bin DEFAULT '0' COMMENT 'ÈÉ®Èó®Áä∂ÊÄÅÔºà0Ê≠£Â∏∏ 1ÂÅúÁî®Ôºâ',
  `del_flag` char(1) COLLATE utf8_bin DEFAULT '0' COMMENT 'Âà†Èô§Ê†áÂøóÔºà0‰ª£Ë°®Â≠òÂú® 2‰ª£Ë°®Âà†Èô§Ôºâ',
  `create_by` varchar(64) COLLATE utf8_bin DEFAULT '' COMMENT 'ÂàõÂª∫ËÄÖ',
  `create_time` datetime DEFAULT NULL COMMENT 'ÂàõÂª∫Êó∂Èó¥',
  `update_by` varchar(64) COLLATE utf8_bin DEFAULT '' COMMENT 'Êõ¥Êñ∞ËÄÖ',
  `update_time` datetime DEFAULT NULL COMMENT 'Êõ¥Êñ∞Êó∂Èó¥',
  PRIMARY KEY (`dept_id`) USING BTREE
) ENGINE=InnoDB AUTO_INCREMENT=163 DEFAULT CHARSET=utf8 COLLATE=utf8_bin ROW_FORMAT=COMPACT COMMENT='ÈÉ®Èó®Ë°®';
/*!40101 SET character_set_client = @saved_cs_client */;

--
-- Dumping data for table `sys_dept`
--

LOCK TABLES `sys_dept` WRITE;
/*!40000 ALTER TABLE `sys_dept` DISABLE KEYS */;
INSERT INTO `sys_dept` VALUES (100,0,'0','Êô∫ËΩØÁßëÊäÄÊïôËÇ≤ÊúâÈôêÂÖ¨Âè∏ (ÊÄªÈÉ®)',0,'Âº†Èπè','13800138000','test@qq.com','0','0','',NULL,'admin','2023-12-19 14:30:44'),(146,100,'0,100','‰ΩõÂ±±ÂçóÊµ∑ - Êô∫ÂêØÊú™Êù•',0,'Âº†‰∏â',NULL,NULL,'0','0','admin','2023-12-19 07:28:42','admin','2023-12-19 08:56:57'),(147,100,'0,100','‰ΩõÂ±±Á¶ÖÂüé - ËèÅÊô∫ÊïôËÇ≤',0,'Áéã‰∫î',NULL,NULL,'0','0','admin','2023-12-19 08:01:45','admin','2023-12-19 09:03:03'),(148,100,'0,100','ÂπøÂ∑ûËä±ÈÉΩ - Êô∫ÂêØÊú™Êù•',1,NULL,NULL,NULL,'0','2','admin','2023-12-19 08:02:47','',NULL),(149,100,'0,100','‰ΩõÂ±±Á¶ÖÂüé - Êô∫ÂêØÊâòÁÆ°',0,NULL,NULL,NULL,'0','0','admin','2023-12-19 08:04:04','admin','2023-12-19 14:30:44'),(150,146,'0,100,146','ÈùíÊïôÈÉ®',0,NULL,NULL,NULL,'0','2','admin','2023-12-19 08:53:24','admin','2023-12-19 08:56:57'),(151,147,'0,100,147','Â••ÊïôÈÉ®',0,NULL,NULL,NULL,'0','2','admin','2023-12-19 08:53:42','admin','2023-12-19 09:03:03'),(152,149,'0,100,149','Â∞ëÊâòÈÉ®',0,NULL,NULL,NULL,'0','2','admin','2023-12-19 08:53:58','admin','2023-12-19 14:30:44'),(153,146,'0,100,146','È´òÊïôÈÉ®',0,NULL,NULL,NULL,'0','2','admin','2023-12-19 08:57:21','',NULL),(154,100,'0,100','ÊµãËØïÁî®Êà∑',100,NULL,NULL,NULL,'0','0','admin','2023-12-19 08:58:32','admin','2023-12-19 09:17:14'),(155,100,'0,100','ÊµãËØï2',100,NULL,NULL,NULL,'0','2','admin','2023-12-19 08:58:44','',NULL),(156,100,'0,100','ÊµãËØï3',100,NULL,NULL,NULL,'0','2','admin','2023-12-19 08:58:50','',NULL),(157,100,'0,100','ÊµãËØï4',100,NULL,NULL,NULL,'0','2','admin','2023-12-19 08:58:57','',NULL),(158,100,'0,100','ÊµãËØï5',100,NULL,NULL,NULL,'0','2','admin','2023-12-19 08:58:32','',NULL),(159,100,'0,100','ÊµãËØï6',100,NULL,NULL,NULL,'0','2','admin','2023-12-19 08:58:44','',NULL),(160,100,'0,100','ÊµãËØï7',100,NULL,NULL,NULL,'0','2','admin','2023-12-19 08:58:50','',NULL),(161,100,'0,100','ÊµãËØï8',100,NULL,NULL,NULL,'0','2','admin','2023-12-19 08:58:57','',NULL),(162,147,'0,100,147','ÈùíÊïôÈÉ®',0,NULL,NULL,NULL,'0','2','admin','2023-12-19 12:40:48','',NULL);
/*!40000 ALTER TABLE `sys_dept` ENABLE KEYS */;
UNLOCK TABLES;

--
-- Table structure for table `sys_dict_data`
--

DROP TABLE IF EXISTS `sys_dict_data`;
/*!40101 SET @saved_cs_client     = @@character_set_client */;
/*!40101 SET character_set_client = utf8 */;
CREATE TABLE `sys_dict_data` (
  `dict_code` bigint(20) NOT NULL AUTO_INCREMENT COMMENT 'Â≠óÂÖ∏ÁºñÁ†Å',
  `dict_sort` int(4) DEFAULT '0' COMMENT 'Â≠óÂÖ∏ÊéíÂ∫è',
  `dict_label` varchar(100) COLLATE utf8_bin DEFAULT '' COMMENT 'Â≠óÂÖ∏Ê†áÁ≠æ',
  `dict_value` varchar(100) COLLATE utf8_bin DEFAULT '' COMMENT 'Â≠óÂÖ∏ÈîÆÂÄº',
  `dict_type` varchar(100) COLLATE utf8_bin DEFAULT '' COMMENT 'Â≠óÂÖ∏Á±ªÂûã',
  `css_class` varchar(100) COLLATE utf8_bin DEFAULT NULL COMMENT 'Ê†∑ÂºèÂ±ûÊÄßÔºàÂÖ∂‰ªñÊ†∑ÂºèÊâ©Â±ïÔºâ',
  `list_class` varchar(100) COLLATE utf8_bin DEFAULT NULL COMMENT 'Ë°®Ê†ºÂõûÊòæÊ†∑Âºè',
  `is_default` char(1) COLLATE utf8_bin DEFAULT 'N' COMMENT 'ÊòØÂê¶ÈªòËÆ§ÔºàYÊòØ NÂê¶Ôºâ',
  `status` char(1) COLLATE utf8_bin DEFAULT '0' COMMENT 'Áä∂ÊÄÅÔºà0Ê≠£Â∏∏ 1ÂÅúÁî®Ôºâ',
  `create_by` varchar(64) COLLATE utf8_bin DEFAULT '' COMMENT 'ÂàõÂª∫ËÄÖ',
  `create_time` datetime DEFAULT NULL COMMENT 'ÂàõÂª∫Êó∂Èó¥',
  `update_by` varchar(64) COLLATE utf8_bin DEFAULT '' COMMENT 'Êõ¥Êñ∞ËÄÖ',
  `update_time` datetime DEFAULT NULL COMMENT 'Êõ¥Êñ∞Êó∂Èó¥',
  `remark` varchar(500) COLLATE utf8_bin DEFAULT NULL COMMENT 'Â§áÊ≥®',
  PRIMARY KEY (`dict_code`) USING BTREE
) ENGINE=InnoDB AUTO_INCREMENT=88 DEFAULT CHARSET=utf8 COLLATE=utf8_bin ROW_FORMAT=COMPACT COMMENT='Â≠óÂÖ∏Êï∞ÊçÆË°®';
/*!40101 SET character_set_client = @saved_cs_client */;

--
-- Dumping data for table `sys_dict_data`
--

LOCK TABLES `sys_dict_data` WRITE;
/*!40000 ALTER TABLE `sys_dict_data` DISABLE KEYS */;
INSERT INTO `sys_dict_data` VALUES (1,1,'Áî∑','0','sys_user_sex','','','Y','0','admin','2023-12-05 15:27:11','ry','2018-03-16 11:33:00','ÊÄßÂà´Áî∑'),(2,2,'Â•≥','1','sys_user_sex','','','N','0','admin','2023-12-05 15:27:11','ry','2018-03-16 11:33:00','ÊÄßÂà´Â•≥'),(3,3,'Êú™Áü•','2','sys_user_sex','','','N','0','admin','2023-12-05 15:27:11','ry','2018-03-16 11:33:00','ÊÄßÂà´Êú™Áü•'),(4,1,'ÊòæÁ§∫','0','sys_show_hide','','primary','Y','0','admin','2023-12-05 15:27:11','ry','2018-03-16 11:33:00','ÊòæÁ§∫ËèúÂçï'),(5,2,'ÈöêËóè','1','sys_show_hide','','danger','N','0','admin','2023-12-05 15:27:11','ry','2018-03-16 11:33:00','ÈöêËóèËèúÂçï'),(6,1,'Ê≠£Â∏∏','0','sys_normal_disable','','primary','Y','0','admin','2023-12-05 15:27:11','ry','2018-03-16 11:33:00','Ê≠£Â∏∏Áä∂ÊÄÅ'),(7,2,'ÂÅúÁî®','1','sys_normal_disable','','danger','N','0','admin','2023-12-05 15:27:11','ry','2018-03-16 11:33:00','ÂÅúÁî®Áä∂ÊÄÅ'),(8,1,'Ê≠£Â∏∏','0','sys_job_status','','primary','Y','0','admin','2023-12-05 15:27:11','ry','2018-03-16 11:33:00','Ê≠£Â∏∏Áä∂ÊÄÅ'),(9,2,'ÊöÇÂÅú','1','sys_job_status','','danger','N','0','admin','2023-12-05 15:27:11','ry','2018-03-16 11:33:00','ÂÅúÁî®Áä∂ÊÄÅ'),(10,1,'ÊòØ','Y','sys_yes_no','','primary','Y','0','admin','2023-12-05 15:27:11','ry','2018-03-16 11:33:00','Á≥ªÁªüÈªòËÆ§ÊòØ'),(11,2,'Âê¶','N','sys_yes_no','','danger','N','0','admin','2023-12-05 15:27:11','ry','2018-03-16 11:33:00','Á≥ªÁªüÈªòËÆ§Âê¶'),(12,1,'ÈÄöÁü•','1','sys_notice_type','','warning','Y','0','admin','2023-12-05 15:27:11','ry','2018-03-16 11:33:00','ÈÄöÁü•'),(13,2,'ÂÖ¨Âëä','2','sys_notice_type','','success','N','0','admin','2023-12-05 15:27:11','ry','2018-03-16 11:33:00','ÂÖ¨Âëä'),(14,1,'Ê≠£Â∏∏','0','sys_notice_status','','primary','Y','0','admin','2023-12-05 15:27:11','ry','2018-03-16 11:33:00','Ê≠£Â∏∏Áä∂ÊÄÅ'),(15,2,'ÂÖ≥Èó≠','1','sys_notice_status','','danger','N','0','admin','2023-12-05 15:27:11','ry','2018-03-16 11:33:00','ÂÖ≥Èó≠Áä∂ÊÄÅ'),(16,1,'Êñ∞Â¢û','1','sys_oper_type','','info','N','0','admin','2023-12-05 15:27:11','ry','2018-03-16 11:33:00','Êñ∞Â¢ûÊìç‰Ωú'),(17,2,'‰øÆÊîπ','2','sys_oper_type','','info','N','0','admin','2023-12-05 15:27:11','ry','2018-03-16 11:33:00','‰øÆÊîπÊìç‰Ωú'),(18,3,'Âà†Èô§','3','sys_oper_type','','danger','N','0','admin','2023-12-05 15:27:11','ry','2018-03-16 11:33:00','Âà†Èô§Êìç‰Ωú'),(19,4,'ÊéàÊùÉ','4','sys_oper_type','','primary','N','0','admin','2023-12-05 15:27:11','ry','2018-03-16 11:33:00','ÊéàÊùÉÊìç‰Ωú'),(20,5,'ÂØºÂá∫','5','sys_oper_type','','warning','N','0','admin','2023-12-05 15:27:11','ry','2018-03-16 11:33:00','ÂØºÂá∫Êìç‰Ωú'),(21,6,'ÂØºÂÖ•','6','sys_oper_type','','warning','N','0','admin','2023-12-05 15:27:11','ry','2018-03-16 11:33:00','ÂØºÂÖ•Êìç‰Ωú'),(22,7,'Âº∫ÈÄÄ','7','sys_oper_type','','danger','N','0','admin','2023-12-05 15:27:11','ry','2018-03-16 11:33:00','Âº∫ÈÄÄÊìç‰Ωú'),(23,8,'ÁîüÊàê‰ª£Á†Å','8','sys_oper_type','','warning','N','0','admin','2023-12-05 15:27:11','ry','2018-03-16 11:33:00','ÁîüÊàêÊìç‰Ωú'),(24,8,'Ê∏ÖÁ©∫Êï∞ÊçÆ','9','sys_oper_type','','danger','N','0','admin','2023-12-05 15:27:11','ry','2018-03-16 11:33:00','Ê∏ÖÁ©∫Êìç‰Ωú'),(25,1,'ÊàêÂäü','0','sys_common_status','','primary','N','0','admin','2023-12-05 15:27:11','ry','2018-03-16 11:33:00','Ê≠£Â∏∏Áä∂ÊÄÅ'),(26,2,'Â§±Ë¥•','1','sys_common_status','','danger','N','0','admin','2023-12-05 15:27:11','ry','2018-03-16 11:33:00','ÂÅúÁî®Áä∂ÊÄÅ'),(32,1,'Â∞èÂ≠¶','1','teach_education','','','Y','0','admin','2023-12-05 15:27:11','admin','2019-07-04 11:06:57',''),(33,2,'Âàù‰∏≠','2','teach_education','','','Y','0','admin','2023-12-05 15:27:11','admin','2019-07-04 11:07:04',''),(34,3,'È´ò‰∏≠','3','teach_education','','','Y','0','admin','2023-12-05 15:27:11','admin','2019-07-04 11:07:16',''),(35,4,'‰∏≠‰∏ì','4','teach_education','','','Y','0','admin','2023-12-05 15:27:11','admin','2019-07-04 11:07:27',''),(36,5,'‰∏≠ËÅå','5','teach_education','','','Y','0','admin','2023-12-05 15:27:11','admin','2019-07-04 11:09:45',''),(37,6,'Â§ß‰∏ì','6','teach_education','','','Y','0','admin','2023-12-05 15:27:11','admin','2019-07-04 11:09:53',''),(38,7,'Êú¨Áßë','7','teach_education','','','Y','0','admin','2023-12-05 15:27:11','admin','2019-07-04 11:10:05',''),(39,1,'Âê¶','1','teach_basic','','','Y','0','admin','2023-12-05 15:27:11','admin','2019-01-21 17:03:56',''),(40,2,'ÊòØ','2','teach_basic','','','Y','0','admin','2023-12-05 15:27:11','',NULL,''),(41,1,'‰πâÂä°ÊïôËÇ≤','1','teach_nature','','','Y','0','admin','2023-12-05 15:27:11','admin','2023-12-19 16:21:15',''),(42,2,'È´òÁ≠âÊïôËÇ≤ÔºàÂÖ®Êó•Âà∂Ôºâ','2','teach_nature','','','Y','0','admin','2023-12-05 15:27:11','admin','2023-12-19 16:22:01',''),(43,3,'È´òÁ≠âÊïôËÇ≤ÔºàÈùûÂÖ®Êó•Âà∂Ôºâ','3','teach_nature','','','Y','0','admin','2023-12-05 15:27:11','admin','2023-12-19 16:22:11',''),(44,1,'Âú®ËØª','1','teach_status','','','Y','0','admin','2023-12-05 15:27:11','',NULL,''),(47,4,'ÈÄÄÂ≠¶','4','teach_status','','','Y','0','admin','2023-12-05 15:27:11','',NULL,''),(48,5,'‰ºëÂ≠¶','5','teach_status','','','Y','0','admin','2023-12-05 15:27:11','',NULL,''),(49,6,'ËΩ¨Á∫ø‰∏äËØæÁ®ã','6','teach_status','','','Y','0','admin','2023-12-05 15:27:11','admin','2023-12-19 16:37:30',''),(50,7,'ÊèêÂâçÁªìÊùüÔºàÂ∑≤Â∞±‰∏ö/Â∑≤ÊØï‰∏öÔºâ','7','teach_status','','','Y','0','admin','2023-12-05 15:27:11','admin','2023-12-19 16:38:13',''),(51,8,'ÊèêÂâçÁªìÊùüÔºàÈùûÈ¢ÑÊúüÔºâ','8','teach_status','','','Y','0','admin','2023-12-05 15:27:11','admin','2023-12-19 16:38:21',''),(52,9,'Áè≠Á∫ßÁªìËØæ','9','teach_status','','','Y','0','admin','2023-12-05 15:27:11','',NULL,''),(53,2,'ÊòØ','2','teach_single_parent','','','Y','0','admin','2023-12-05 15:27:11','admin','2019-01-21 17:55:14',''),(54,1,'Âê¶','1','teach_single_parent','','','Y','0','admin','2023-12-05 15:27:11','admin','2019-01-21 17:55:21',''),(55,1,'Áü•ÂêçÂ∫¶ÔºàÁ§æ‰ºöÊù•Ê∫êÔºâ','1','teach_student_source','','','Y','0','1105','2023-12-05 15:27:11','admin','2023-12-19 14:10:36',''),(56,2,'ÂπøÂëäÊäïÊîæ','2','teach_student_source','','','Y','0','1105','2023-12-05 15:27:11','admin','2023-12-19 14:10:54',''),(58,3,'Âêà‰ΩúÂÖ≥Á≥ª','3','teach_student_source','','','Y','0','1105','2023-12-05 15:27:11','admin','2023-12-19 14:11:17',''),(59,2,'Â§çÂ≠¶','2','teach_status',NULL,NULL,'Y','0','1105','2019-04-17 10:03:34','',NULL,NULL),(60,3,'ËΩ¨Áè≠','3','teach_status',NULL,NULL,'Y','0','1105','2023-12-05 15:27:11','1105','2019-04-17 10:04:21',NULL),(61,1,'ÁôæÂ∫¶‰∫ë','1','knowledge_source',NULL,NULL,'Y','0','admin','2023-12-05 15:27:11','',NULL,NULL),(62,2,'ÂÖ∂‰ªñ','2','knowledge_source',NULL,NULL,'Y','0','admin','2023-12-05 15:27:11','',NULL,NULL),(63,3,'‰∏ä‰º†','3','knowledge_source',NULL,NULL,'Y','0','admin','2023-12-05 15:27:11','',NULL,NULL),(68,4,'ÈùûÈ´òÁ≠âÊïôËÇ≤','4','teach_nature',NULL,NULL,'Y','0','admin','2023-12-05 15:27:11','admin','2023-12-19 16:22:32',NULL),(69,8,'Á°ïÂ£´','8','teach_education',NULL,NULL,'Y','0','admin','2023-12-05 15:27:11','admin','2019-07-04 11:10:12',NULL),(70,9,'ÂçöÂ£´','9','teach_education',NULL,NULL,'Y','0','admin','2023-12-05 15:27:11','admin','2019-07-04 11:10:19',NULL),(71,10,'ÂÖ∂‰ªñ','10','teach_education',NULL,NULL,'Y','0','admin','2023-12-05 15:27:11','admin','2019-07-04 11:10:27',NULL),(72,1,'‰ΩõÂ±±','1','teach_job_city',NULL,NULL,'Y','0','admin','2023-12-05 15:27:11','admin','2023-12-19 14:07:09',NULL),(73,2,'ÂπøÂ∑û','2','teach_job_city',NULL,NULL,'Y','0','admin','2023-12-05 15:27:11','admin','2023-12-19 14:07:14',NULL),(76,1,'Êó†','1','teach_english_level',NULL,NULL,'Y','0','admin','2023-12-05 15:27:11','admin','2023-12-19 14:06:37',NULL),(77,2,'ÂàùÁ∫ßÔºàÂè™Â≠¶ËøáÂü∫Êú¨Áü•ËØÜÔºâ','2','teach_english_level',NULL,NULL,'Y','0','admin','2023-12-05 15:27:11','admin','2023-12-19 14:06:52',NULL),(78,3,'‰∏≠Á∫ßÔºàËÉΩÁúãÊáÇ‰∏ÄËà¨ÁöÑËã±ËØ≠Ôºâ','3','teach_english_level',NULL,NULL,'Y','0','admin','2023-12-05 15:27:11','admin','2023-12-19 14:06:12',NULL),(79,4,'È´òÁ∫ßÔºàËÉΩÂü∫Êú¨‰∏äÊó†ÈöúÁ¢çÈòÖËØªËã±ËØ≠Ôºâ','4','teach_english_level',NULL,NULL,'Y','0','admin','2023-12-05 15:27:11','admin','2023-12-19 14:06:28',NULL),(80,0,'Â∞ëÂÑøÁºñÁ®ã','0','teach_major_type',NULL,NULL,'Y','0','admin','2023-12-05 15:27:11','admin','2023-12-19 03:09:04',NULL),(81,1,'NOIP‰ø°ÊÅØÂ••Ëµõ','1','teach_major_type',NULL,NULL,'Y','0','admin','2023-12-05 15:27:11','',NULL,NULL),(82,2,'ËØæÂ§ñÊâòÁÆ°','2','teach_major_type',NULL,NULL,'Y','0','admin','2023-12-05 15:27:11','',NULL,NULL),(83,3,'ÈùíÂ∞ëÂπ¥ÁºñÁ®ã','3','teach_major_type',NULL,NULL,'Y','0','admin','2023-12-05 15:27:11','',NULL,NULL),(84,4,'ITÊïôËÇ≤ÔºàÈù¢ÂêëÊàê‰∫∫Ôºâ','4','teach_major_type',NULL,NULL,'Y','0','admin','2023-12-05 15:27:11','',NULL,NULL),(85,0,'‰∏çÈúÄË¶ÅÂ∞±‰∏ö','0','teach_job_city',NULL,NULL,'Y','0','admin','2023-12-19 14:07:31','',NULL,NULL),(86,0,'ÂπºÂÑøÂõ≠','0','teach_education',NULL,NULL,'Y','0','admin','2023-12-19 16:23:35','',NULL,NULL),(87,0,'Êú™Áü•','0','teach_english_level',NULL,NULL,'Y','0','admin','2023-12-19 17:44:04','',NULL,NULL);
/*!40000 ALTER TABLE `sys_dict_data` ENABLE KEYS */;
UNLOCK TABLES;

--
-- Table structure for table `sys_dict_type`
--

DROP TABLE IF EXISTS `sys_dict_type`;
/*!40101 SET @saved_cs_client     = @@character_set_client */;
/*!40101 SET character_set_client = utf8 */;
CREATE TABLE `sys_dict_type` (
  `dict_id` bigint(20) NOT NULL AUTO_INCREMENT COMMENT 'Â≠óÂÖ∏‰∏ªÈîÆ',
  `dict_name` varchar(100) COLLATE utf8_bin DEFAULT '' COMMENT 'Â≠óÂÖ∏ÂêçÁß∞',
  `dict_type` varchar(100) COLLATE utf8_bin DEFAULT '' COMMENT 'Â≠óÂÖ∏Á±ªÂûã',
  `status` char(1) COLLATE utf8_bin DEFAULT '0' COMMENT 'Áä∂ÊÄÅÔºà0Ê≠£Â∏∏ 1ÂÅúÁî®Ôºâ',
  `create_by` varchar(64) COLLATE utf8_bin DEFAULT '' COMMENT 'ÂàõÂª∫ËÄÖ',
  `create_time` datetime DEFAULT NULL COMMENT 'ÂàõÂª∫Êó∂Èó¥',
  `update_by` varchar(64) COLLATE utf8_bin DEFAULT '' COMMENT 'Êõ¥Êñ∞ËÄÖ',
  `update_time` datetime DEFAULT NULL COMMENT 'Êõ¥Êñ∞Êó∂Èó¥',
  `remark` varchar(500) COLLATE utf8_bin DEFAULT NULL COMMENT 'Â§áÊ≥®',
  PRIMARY KEY (`dict_id`) USING BTREE,
  UNIQUE KEY `dict_type` (`dict_type`) USING BTREE
) ENGINE=InnoDB AUTO_INCREMENT=23 DEFAULT CHARSET=utf8 COLLATE=utf8_bin ROW_FORMAT=COMPACT COMMENT='Â≠óÂÖ∏Á±ªÂûãË°®';
/*!40101 SET character_set_client = @saved_cs_client */;

--
-- Dumping data for table `sys_dict_type`
--

LOCK TABLES `sys_dict_type` WRITE;
/*!40000 ALTER TABLE `sys_dict_type` DISABLE KEYS */;
INSERT INTO `sys_dict_type` VALUES (1,'Áî®Êà∑ÊÄßÂà´','sys_user_sex','0','admin','2023-12-05 15:27:11','ry','2023-12-05 15:27:11','Áî®Êà∑ÊÄßÂà´ÂàóË°®'),(2,'ËèúÂçïÁä∂ÊÄÅ','sys_show_hide','0','admin','2023-12-05 15:27:11','ry','2023-12-05 15:27:11','ËèúÂçïÁä∂ÊÄÅÂàóË°®'),(3,'Á≥ªÁªüÂºÄÂÖ≥','sys_normal_disable','0','admin','2023-12-05 15:27:11','ry','2023-12-05 15:27:11','Á≥ªÁªüÂºÄÂÖ≥ÂàóË°®'),(4,'‰ªªÂä°Áä∂ÊÄÅ','sys_job_status','0','admin','2023-12-05 15:27:11','ry','2023-12-05 15:27:11','‰ªªÂä°Áä∂ÊÄÅÂàóË°®'),(5,'Á≥ªÁªüÊòØÂê¶','sys_yes_no','0','admin','2023-12-05 15:27:11','ry','2023-12-05 15:27:11','Á≥ªÁªüÊòØÂê¶ÂàóË°®'),(6,'ÈÄöÁü•Á±ªÂûã','sys_notice_type','0','admin','2023-12-05 15:27:11','ry','2023-12-05 15:27:11','ÈÄöÁü•Á±ªÂûãÂàóË°®'),(7,'ÈÄöÁü•Áä∂ÊÄÅ','sys_notice_status','0','admin','2023-12-05 15:27:11','ry','2023-12-05 15:27:11','ÈÄöÁü•Áä∂ÊÄÅÂàóË°®'),(8,'Êìç‰ΩúÁ±ªÂûã','sys_oper_type','0','admin','2023-12-05 15:27:11','ry','2023-12-05 15:27:11','Êìç‰ΩúÁ±ªÂûãÂàóË°®'),(9,'Á≥ªÁªüÁä∂ÊÄÅ','sys_common_status','0','admin','2023-12-05 15:27:11','ry','2023-12-05 15:27:11','ÁôªÂΩïÁä∂ÊÄÅÂàóË°®'),(11,'Â≠¶ÁîüÂ≠¶ÂéÜ','teach_education','0','admin','2023-12-05 15:27:11','admin','2023-12-19 16:20:20','Â≠¶ÁîüÂ≠¶ÂéÜÂàóË°®'),(12,'ÊòØÂê¶ÊúâÂü∫Á°Ä','teach_basic','0','admin','2023-12-05 15:27:11','',NULL,'Â≠¶‰π†Êú¨‰∏ì‰∏öÁöÑÂü∫Á°Ä'),(13,'Â≠¶ÂéÜÊÄßË¥®','teach_nature','0','admin','2023-12-05 15:27:11','admin','2023-12-05 15:27:11','Â≠¶ÂéÜÊÄßË¥®ÂàóË°®'),(14,'Â≠¶ÁîüÁä∂ÊÄÅ','teach_status','0','admin','2023-12-05 15:27:11','admin','2023-12-19 16:20:33','Â≠¶ÁîüÁä∂ÊÄÅÂàóË°®'),(15,'ÊòØÂê¶ÊòØÂçï‰∫≤ÂÆ∂Â∫≠','teach_single_parent','0','admin','2023-12-05 15:27:11','',NULL,''),(17,'Â≠¶ÁîüÊù•Ê∫ê','teach_student_source','0','1105','2023-12-05 15:27:11','',NULL,'Â≠¶ÁîüÊù•Ê∫ê'),(19,'Êñá‰ª∂Êù•Ê∫ê','knowledge_source','0','admin','2023-12-05 15:27:11','',NULL,'Êñá‰ª∂Êù•Ê∫ê'),(20,'‰∏ì‰∏öÁ±ªÂûã','teach_major_type','0','admin','2023-12-05 15:27:11','',NULL,'‰∏ì‰∏öÁ±ªÂûã'),(21,'Â∞±‰∏öÂüéÂ∏Ç','teach_job_city','0','admin','2023-12-05 15:27:11','admin','2023-12-19 14:07:47','Â∞±‰∏öÊÑèÂêëÂüéÂ∏Ç'),(22,'Ëã±ËØ≠Ê∞¥Âπ≥','teach_english_level','0','admin','2023-12-05 15:27:11','',NULL,'Ëã±ËØ≠Ê∞¥Âπ≥');
/*!40000 ALTER TABLE `sys_dict_type` ENABLE KEYS */;
UNLOCK TABLES;

--
-- Table structure for table `sys_job`
--

DROP TABLE IF EXISTS `sys_job`;
/*!40101 SET @saved_cs_client     = @@character_set_client */;
/*!40101 SET character_set_client = utf8 */;
CREATE TABLE `sys_job` (
  `job_id` bigint(20) NOT NULL AUTO_INCREMENT COMMENT '‰ªªÂä°ID',
  `job_name` varchar(64) COLLATE utf8_bin NOT NULL DEFAULT '' COMMENT '‰ªªÂä°ÂêçÁß∞',
  `job_group` varchar(64) COLLATE utf8_bin NOT NULL DEFAULT '' COMMENT '‰ªªÂä°ÁªÑÂêç',
  `method_name` varchar(500) COLLATE utf8_bin DEFAULT '' COMMENT '‰ªªÂä°ÊñπÊ≥ï',
  `method_params` varchar(50) COLLATE utf8_bin DEFAULT NULL COMMENT 'ÊñπÊ≥ïÂèÇÊï∞',
  `cron_expression` varchar(255) COLLATE utf8_bin DEFAULT '' COMMENT 'cronÊâßË°åË°®ËææÂºè',
  `misfire_policy` varchar(20) COLLATE utf8_bin DEFAULT '3' COMMENT 'ËÆ°ÂàíÊâßË°åÈîôËØØÁ≠ñÁï•Ôºà1Á´ãÂç≥ÊâßË°å 2ÊâßË°å‰∏ÄÊ¨° 3ÊîæÂºÉÊâßË°åÔºâ',
  `concurrent` char(1) COLLATE utf8_bin DEFAULT '1' COMMENT 'ÊòØÂê¶Âπ∂ÂèëÊâßË°åÔºà0ÂÖÅËÆ∏ 1Á¶ÅÊ≠¢Ôºâ',
  `status` char(1) COLLATE utf8_bin DEFAULT '0' COMMENT 'Áä∂ÊÄÅÔºà0Ê≠£Â∏∏ 1ÊöÇÂÅúÔºâ',
  `create_by` varchar(64) COLLATE utf8_bin DEFAULT '' COMMENT 'ÂàõÂª∫ËÄÖ',
  `create_time` datetime DEFAULT NULL COMMENT 'ÂàõÂª∫Êó∂Èó¥',
  `update_by` varchar(64) COLLATE utf8_bin DEFAULT '' COMMENT 'Êõ¥Êñ∞ËÄÖ',
  `update_time` datetime DEFAULT NULL COMMENT 'Êõ¥Êñ∞Êó∂Èó¥',
  `remark` varchar(500) COLLATE utf8_bin DEFAULT '' COMMENT 'Â§áÊ≥®‰ø°ÊÅØ',
  PRIMARY KEY (`job_id`,`job_name`,`job_group`) USING BTREE
) ENGINE=InnoDB AUTO_INCREMENT=2 DEFAULT CHARSET=utf8 COLLATE=utf8_bin ROW_FORMAT=COMPACT COMMENT='ÂÆöÊó∂‰ªªÂä°Ë∞ÉÂ∫¶Ë°®';
/*!40101 SET character_set_client = @saved_cs_client */;

--
-- Dumping data for table `sys_job`
--

LOCK TABLES `sys_job` WRITE;
/*!40000 ALTER TABLE `sys_job` DISABLE KEYS */;
INSERT INTO `sys_job` VALUES (1,'fosutechTask','ÊúàÊï∞ÊçÆÊ±áÊÄªÔºàÊåâÁè≠Á∫ßÔºâ','statisticsTeachClassMonth','','0/10 * * * * ?','1','1','1','admin','2023-12-18 15:24:26','admin','2023-12-18 15:27:07','');
/*!40000 ALTER TABLE `sys_job` ENABLE KEYS */;
UNLOCK TABLES;

--
-- Table structure for table `sys_job_log`
--

DROP TABLE IF EXISTS `sys_job_log`;
/*!40101 SET @saved_cs_client     = @@character_set_client */;
/*!40101 SET character_set_client = utf8 */;
CREATE TABLE `sys_job_log` (
  `job_log_id` bigint(20) NOT NULL AUTO_INCREMENT COMMENT '‰ªªÂä°Êó•ÂøóID',
  `job_name` varchar(64) COLLATE utf8_bin NOT NULL COMMENT '‰ªªÂä°ÂêçÁß∞',
  `job_group` varchar(64) COLLATE utf8_bin NOT NULL COMMENT '‰ªªÂä°ÁªÑÂêç',
  `method_name` varchar(500) COLLATE utf8_bin DEFAULT NULL COMMENT '‰ªªÂä°ÊñπÊ≥ï',
  `method_params` varchar(50) COLLATE utf8_bin DEFAULT NULL COMMENT 'ÊñπÊ≥ïÂèÇÊï∞',
  `job_message` varchar(500) COLLATE utf8_bin DEFAULT NULL COMMENT 'Êó•Âøó‰ø°ÊÅØ',
  `status` char(1) COLLATE utf8_bin DEFAULT '0' COMMENT 'ÊâßË°åÁä∂ÊÄÅÔºà0Ê≠£Â∏∏ 1Â§±Ë¥•Ôºâ',
  `exception_info` varchar(2000) COLLATE utf8_bin DEFAULT '' COMMENT 'ÂºÇÂ∏∏‰ø°ÊÅØ',
  `create_time` datetime DEFAULT NULL COMMENT 'ÂàõÂª∫Êó∂Èó¥',
  PRIMARY KEY (`job_log_id`) USING BTREE
) ENGINE=InnoDB AUTO_INCREMENT=6 DEFAULT CHARSET=utf8 COLLATE=utf8_bin ROW_FORMAT=COMPACT COMMENT='ÂÆöÊó∂‰ªªÂä°Ë∞ÉÂ∫¶Êó•ÂøóË°®';
/*!40101 SET character_set_client = @saved_cs_client */;

--
-- Dumping data for table `sys_job_log`
--

LOCK TABLES `sys_job_log` WRITE;
/*!40000 ALTER TABLE `sys_job_log` DISABLE KEYS */;
INSERT INTO `sys_job_log` VALUES (1,'ÊúàÊï∞ÊçÆÊ±áÊÄªÔºàÊåâÁè≠Á∫ßÔºâ','Ê±áÊÄª','statisticsTeachClassMonth',NULL,'ÊúàÊï∞ÊçÆÊ±áÊÄªÔºàÊåâÁè≠Á∫ßÔºâ ÊÄªÂÖ±ËÄóÊó∂Ôºö0ÊØ´Áßí','1','No bean named \'ÊúàÊï∞ÊçÆÊ±áÊÄªÔºàÊåâÁè≠Á∫ßÔºâ\' available','2023-12-18 15:26:50'),(2,'ÊúàÊï∞ÊçÆÊ±áÊÄªÔºàÊåâÁè≠Á∫ßÔºâ','Ê±áÊÄª','statisticsTeachClassMonth',NULL,'ÊúàÊï∞ÊçÆÊ±áÊÄªÔºàÊåâÁè≠Á∫ßÔºâ ÊÄªÂÖ±ËÄóÊó∂Ôºö1ÊØ´Áßí','1','No bean named \'ÊúàÊï∞ÊçÆÊ±áÊÄªÔºàÊåâÁè≠Á∫ßÔºâ\' available','2023-12-18 15:27:00'),(3,'fosutechTask','ÊúàÊï∞ÊçÆÊ±áÊÄªÔºàÊåâÁè≠Á∫ßÔºâ','statisticsTeachClassMonth',NULL,'fosutechTask ÊÄªÂÖ±ËÄóÊó∂Ôºö33ÊØ´Áßí','0','','2023-12-18 15:27:11'),(4,'fosutechTask','ÊúàÊï∞ÊçÆÊ±áÊÄªÔºàÊåâÁè≠Á∫ßÔºâ','statisticsTeachClassMonth',NULL,'fosutechTask ÊÄªÂÖ±ËÄóÊó∂Ôºö16ÊØ´Áßí','0','','2023-12-18 15:29:59'),(5,'fosutechTask','ÊúàÊï∞ÊçÆÊ±áÊÄªÔºàÊåâÁè≠Á∫ßÔºâ','statisticsTeachClassMonth',NULL,'fosutechTask ÊÄªÂÖ±ËÄóÊó∂Ôºö16ÊØ´Áßí','0','','2023-12-18 15:39:02');
/*!40000 ALTER TABLE `sys_job_log` ENABLE KEYS */;
UNLOCK TABLES;

--
-- Table structure for table `sys_logininfor`
--

DROP TABLE IF EXISTS `sys_logininfor`;
/*!40101 SET @saved_cs_client     = @@character_set_client */;
/*!40101 SET character_set_client = utf8 */;
CREATE TABLE `sys_logininfor` (
  `info_id` bigint(20) NOT NULL AUTO_INCREMENT COMMENT 'ËÆøÈóÆID',
  `login_name` varchar(50) COLLATE utf8_bin DEFAULT '' COMMENT 'ÁôªÂΩïË¥¶Âè∑',
  `ipaddr` varchar(50) COLLATE utf8_bin DEFAULT '' COMMENT 'ÁôªÂΩïIPÂú∞ÂùÄ',
  `login_location` varchar(255) COLLATE utf8_bin DEFAULT '' COMMENT 'ÁôªÂΩïÂú∞ÁÇπ',
  `browser` varchar(50) COLLATE utf8_bin DEFAULT '' COMMENT 'ÊµèËßàÂô®Á±ªÂûã',
  `os` varchar(50) COLLATE utf8_bin DEFAULT '' COMMENT 'Êìç‰ΩúÁ≥ªÁªü',
  `status` char(1) COLLATE utf8_bin DEFAULT '0' COMMENT 'ÁôªÂΩïÁä∂ÊÄÅÔºà0ÊàêÂäü 1Â§±Ë¥•Ôºâ',
  `msg` varchar(255) COLLATE utf8_bin DEFAULT '' COMMENT 'ÊèêÁ§∫Ê∂àÊÅØ',
  `login_time` datetime DEFAULT NULL COMMENT 'ËÆøÈóÆÊó∂Èó¥',
  PRIMARY KEY (`info_id`) USING BTREE
) ENGINE=InnoDB AUTO_INCREMENT=6 DEFAULT CHARSET=utf8 COLLATE=utf8_bin ROW_FORMAT=COMPACT COMMENT='Á≥ªÁªüËÆøÈóÆËÆ∞ÂΩï';
/*!40101 SET character_set_client = @saved_cs_client */;

--
-- Dumping data for table `sys_logininfor`
--

LOCK TABLES `sys_logininfor` WRITE;
/*!40000 ALTER TABLE `sys_logininfor` DISABLE KEYS */;
INSERT INTO `sys_logininfor` VALUES (1,'admin','127.0.0.1','ÂÜÖÁΩëIP','Firefox 11','Windows 10','0','ÁôªÂΩïÊàêÂäü','2023-12-19 10:21:44'),(2,'admin','127.0.0.1','ÂÜÖÁΩëIP','Firefox 11','Windows 10','0','ÁôªÂΩïÊàêÂäü','2023-12-19 11:48:46'),(3,'admin','127.0.0.1','ÂÜÖÁΩëIP','Firefox 11','Windows 10','0','ÁôªÂΩïÊàêÂäü','2023-12-19 12:04:14'),(4,'admin','127.0.0.1','ÂÜÖÁΩëIP','Firefox 11','Windows 10','0','ÁôªÂΩïÊàêÂäü','2023-12-19 15:07:20'),(5,'admin','127.0.0.1','ÂÜÖÁΩëIP','Firefox 11','Windows 10','0','ÁôªÂΩïÊàêÂäü','2023-12-19 18:15:05');
/*!40000 ALTER TABLE `sys_logininfor` ENABLE KEYS */;
UNLOCK TABLES;

--
-- Table structure for table `sys_menu`
--

DROP TABLE IF EXISTS `sys_menu`;
/*!40101 SET @saved_cs_client     = @@character_set_client */;
/*!40101 SET character_set_client = utf8 */;
CREATE TABLE `sys_menu` (
  `menu_id` bigint(20) NOT NULL AUTO_INCREMENT COMMENT 'ËèúÂçïID',
  `menu_name` varchar(50) COLLATE utf8_bin NOT NULL COMMENT 'ËèúÂçïÂêçÁß∞',
  `parent_id` bigint(20) DEFAULT '0' COMMENT 'Áà∂ËèúÂçïID',
  `order_num` int(4) DEFAULT '0' COMMENT 'ÊòæÁ§∫È°∫Â∫è',
  `url` varchar(200) COLLATE utf8_bin DEFAULT '#' COMMENT 'ËØ∑Ê±ÇÂú∞ÂùÄ',
  `menu_type` char(1) COLLATE utf8_bin DEFAULT '' COMMENT 'ËèúÂçïÁ±ªÂûãÔºàMÁõÆÂΩï CËèúÂçï FÊåâÈíÆÔºâ',
  `visible` char(1) COLLATE utf8_bin DEFAULT '0' COMMENT 'ËèúÂçïÁä∂ÊÄÅÔºà0ÊòæÁ§∫ 1ÈöêËóèÔºâ',
  `perms` varchar(100) COLLATE utf8_bin DEFAULT NULL COMMENT 'ÊùÉÈôêÊ†áËØÜ',
  `icon` varchar(100) COLLATE utf8_bin DEFAULT '#' COMMENT 'ËèúÂçïÂõæÊ†á',
  `create_by` varchar(64) COLLATE utf8_bin DEFAULT '' COMMENT 'ÂàõÂª∫ËÄÖ',
  `create_time` datetime DEFAULT NULL COMMENT 'ÂàõÂª∫Êó∂Èó¥',
  `update_by` varchar(64) COLLATE utf8_bin DEFAULT '' COMMENT 'Êõ¥Êñ∞ËÄÖ',
  `update_time` datetime DEFAULT NULL COMMENT 'Êõ¥Êñ∞Êó∂Èó¥',
  `remark` varchar(500) COLLATE utf8_bin DEFAULT '' COMMENT 'Â§áÊ≥®',
  PRIMARY KEY (`menu_id`) USING BTREE
) ENGINE=InnoDB AUTO_INCREMENT=1258 DEFAULT CHARSET=utf8 COLLATE=utf8_bin ROW_FORMAT=COMPACT COMMENT='ËèúÂçïÊùÉÈôêË°®';
/*!40101 SET character_set_client = @saved_cs_client */;

--
-- Dumping data for table `sys_menu`
--

LOCK TABLES `sys_menu` WRITE;
/*!40000 ALTER TABLE `sys_menu` DISABLE KEYS */;
INSERT INTO `sys_menu` VALUES (1,'Á≥ªÁªüÁÆ°ÁêÜ',0,8,'#','M','0','','fa fa-gear','admin',NULL,'',NULL,'Á≥ªÁªüÁÆ°ÁêÜÁõÆÂΩï'),(2,'Á≥ªÁªüÁõëÊéß',0,6,'#','M','0','','fa fa-video-camera','admin',NULL,'',NULL,'Á≥ªÁªüÁõëÊéßÁõÆÂΩï'),(3,'Á≥ªÁªüÂ∑•ÂÖ∑',0,7,'#','M','0','','fa fa-bars','admin',NULL,'',NULL,'Á≥ªÁªüÂ∑•ÂÖ∑ÁõÆÂΩï'),(100,'ËÅåÂ∑•ÁÆ°ÁêÜ',1101,1,'/system/user','C','0','system:user:view','#','admin',NULL,'',NULL,'Áî®Êà∑ÁÆ°ÁêÜËèúÂçï'),(101,'ËßíËâ≤ÁÆ°ÁêÜ',1101,2,'/system/role','C','0','system:role:view','#','admin',NULL,'',NULL,'ËßíËâ≤ÁÆ°ÁêÜËèúÂçï'),(102,'ËèúÂçïÁÆ°ÁêÜ',1,3,'/system/menu','C','0','system:menu:view','#','admin',NULL,'',NULL,'ËèúÂçïÁÆ°ÁêÜËèúÂçï'),(103,'ÂàÜÈÉ®ÁÆ°ÁêÜ',1101,4,'/system/dept','C','0','system:dept:view','#','admin',NULL,'',NULL,'ÈÉ®Èó®ÁÆ°ÁêÜËèúÂçï'),(104,'ËÅå‰ΩçÁÆ°ÁêÜ',1101,5,'/system/post','C','0','system:post:view','#','admin',NULL,'',NULL,'Â≤ó‰ΩçÁÆ°ÁêÜËèúÂçï'),(105,'Â≠óÂÖ∏ÁÆ°ÁêÜ',1,6,'/system/dict','C','0','system:dict:view','#','admin',NULL,'',NULL,'Â≠óÂÖ∏ÁÆ°ÁêÜËèúÂçï'),(106,'ÂèÇÊï∞ËÆæÁΩÆ',1,7,'/system/config','C','0','system:config:view','#','admin',NULL,'',NULL,'ÂèÇÊï∞ËÆæÁΩÆËèúÂçï'),(107,'ÈÄöÁü•ÂÖ¨Âëä',1,8,'/system/notice','C','1','system:notice:view','#','admin',NULL,'',NULL,'ÈÄöÁü•ÂÖ¨ÂëäËèúÂçï'),(108,'Êó•ÂøóÁÆ°ÁêÜ',1,9,'#','M','0','','#','admin',NULL,'',NULL,'Êó•ÂøóÁÆ°ÁêÜËèúÂçï'),(109,'Âú®Á∫øÁî®Êà∑',2,1,'/monitor/online','C','0','monitor:online:view','#','admin',NULL,'',NULL,'Âú®Á∫øÁî®Êà∑ËèúÂçï'),(110,'ÂÆöÊó∂‰ªªÂä°',2,2,'/monitor/job','C','0','monitor:job:view','#','admin',NULL,'',NULL,'ÂÆöÊó∂‰ªªÂä°ËèúÂçï'),(111,'Êï∞ÊçÆÁõëÊéß',2,3,'/monitor/data','C','0','monitor:data:view','#','admin',NULL,'',NULL,'Êï∞ÊçÆÁõëÊéßËèúÂçï'),(112,'ÊúçÂä°ÁõëÊéß',2,3,'/monitor/server','C','0','monitor:server:view','#','admin',NULL,'',NULL,'ÊúçÂä°ÁõëÊéßËèúÂçï'),(113,'Ë°®ÂçïÊûÑÂª∫',3,1,'/tool/build','C','0','tool:build:view','#','admin',NULL,'',NULL,'Ë°®ÂçïÊûÑÂª∫ËèúÂçï'),(114,'‰ª£Á†ÅÁîüÊàê',3,2,'/tool/gen','C','0','tool:gen:view','#','admin',NULL,'',NULL,'‰ª£Á†ÅÁîüÊàêËèúÂçï'),(115,'Á≥ªÁªüÊé•Âè£',3,3,'/tool/swagger','C','0','tool:swagger:view','#','admin',NULL,'',NULL,'Á≥ªÁªüÊé•Âè£ËèúÂçï'),(500,'Êìç‰ΩúÊó•Âøó',108,1,'/monitor/operlog','C','0','monitor:operlog:view','#','admin',NULL,'',NULL,'Êìç‰ΩúÊó•ÂøóËèúÂçï'),(501,'ÁôªÂΩïÊó•Âøó',108,2,'/monitor/logininfor','C','0','monitor:logininfor:view','#','admin',NULL,'',NULL,'ÁôªÂΩïÊó•ÂøóËèúÂçï'),(1000,'Áî®Êà∑Êü•ËØ¢',100,1,'#','F','0','system:user:list','#','admin',NULL,'',NULL,''),(1001,'Áî®Êà∑Êñ∞Â¢û',100,2,'#','F','0','system:user:add','#','admin',NULL,'',NULL,''),(1002,'Áî®Êà∑‰øÆÊîπ',100,3,'#','F','0','system:user:edit','#','admin',NULL,'',NULL,''),(1003,'Áî®Êà∑Âà†Èô§',100,4,'#','F','0','system:user:remove','#','admin',NULL,'',NULL,''),(1004,'Áî®Êà∑ÂØºÂá∫',100,5,'#','F','0','system:user:export','#','admin',NULL,'',NULL,''),(1005,'Áî®Êà∑ÂØºÂÖ•',100,6,'#','F','0','system:user:import','#','admin',NULL,'',NULL,''),(1006,'ÈáçÁΩÆÂØÜÁ†Å',100,7,'#','F','0','system:user:resetPwd','#','admin',NULL,'',NULL,''),(1007,'ËßíËâ≤Êü•ËØ¢',101,1,'#','F','0','system:role:list','#','admin',NULL,'',NULL,''),(1008,'ËßíËâ≤Êñ∞Â¢û',101,2,'#','F','0','system:role:add','#','admin',NULL,'',NULL,''),(1009,'ËßíËâ≤‰øÆÊîπ',101,3,'#','F','0','system:role:edit','#','admin',NULL,'',NULL,''),(1010,'ËßíËâ≤Âà†Èô§',101,4,'#','F','0','system:role:remove','#','admin',NULL,'',NULL,''),(1011,'ËßíËâ≤ÂØºÂá∫',101,5,'#','F','0','system:role:export','#','admin',NULL,'',NULL,''),(1012,'ËèúÂçïÊü•ËØ¢',102,1,'#','F','0','system:menu:list','#','admin',NULL,'',NULL,''),(1013,'ËèúÂçïÊñ∞Â¢û',102,2,'#','F','0','system:menu:add','#','admin',NULL,'',NULL,''),(1014,'ËèúÂçï‰øÆÊîπ',102,3,'#','F','0','system:menu:edit','#','admin',NULL,'',NULL,''),(1015,'ËèúÂçïÂà†Èô§',102,4,'#','F','0','system:menu:remove','#','admin',NULL,'',NULL,''),(1016,'Ê†°Âå∫Êü•ËØ¢',103,1,'#','F','0','system:dept:list','#','admin',NULL,'',NULL,''),(1017,'Ê†°Âå∫Êñ∞Â¢û',103,2,'#','F','0','system:dept:add','#','admin',NULL,'',NULL,''),(1018,'Ê†°Âå∫‰øÆÊîπ',103,3,'#','F','0','system:dept:edit','#','admin',NULL,'',NULL,''),(1019,'Ê†°Âå∫Âà†Èô§',103,4,'#','F','0','system:dept:remove','#','admin',NULL,'',NULL,''),(1020,'Â≤ó‰ΩçÊü•ËØ¢',104,1,'#','F','0','system:post:list','#','admin',NULL,'',NULL,''),(1021,'Â≤ó‰ΩçÊñ∞Â¢û',104,2,'#','F','0','system:post:add','#','admin',NULL,'',NULL,''),(1022,'Â≤ó‰Ωç‰øÆÊîπ',104,3,'#','F','0','system:post:edit','#','admin',NULL,'',NULL,''),(1023,'Â≤ó‰ΩçÂà†Èô§',104,4,'#','F','0','system:post:remove','#','admin',NULL,'',NULL,''),(1024,'Â≤ó‰ΩçÂØºÂá∫',104,5,'#','F','0','system:post:export','#','admin',NULL,'',NULL,''),(1025,'Â≠óÂÖ∏Êü•ËØ¢',105,1,'#','F','0','system:dict:list','#','admin',NULL,'',NULL,''),(1026,'Â≠óÂÖ∏Êñ∞Â¢û',105,2,'#','F','0','system:dict:add','#','admin',NULL,'',NULL,''),(1027,'Â≠óÂÖ∏‰øÆÊîπ',105,3,'#','F','0','system:dict:edit','#','admin',NULL,'',NULL,''),(1028,'Â≠óÂÖ∏Âà†Èô§',105,4,'#','F','0','system:dict:remove','#','admin',NULL,'',NULL,''),(1029,'Â≠óÂÖ∏ÂØºÂá∫',105,5,'#','F','0','system:dict:export','#','admin',NULL,'',NULL,''),(1030,'ÂèÇÊï∞Êü•ËØ¢',106,1,'#','F','0','system:config:list','#','admin',NULL,'',NULL,''),(1031,'ÂèÇÊï∞Êñ∞Â¢û',106,2,'#','F','0','system:config:add','#','admin',NULL,'',NULL,''),(1032,'ÂèÇÊï∞‰øÆÊîπ',106,3,'#','F','0','system:config:edit','#','admin',NULL,'',NULL,''),(1033,'ÂèÇÊï∞Âà†Èô§',106,4,'#','F','0','system:config:remove','#','admin',NULL,'',NULL,''),(1034,'ÂèÇÊï∞ÂØºÂá∫',106,5,'#','F','0','system:config:export','#','admin',NULL,'',NULL,''),(1035,'ÂÖ¨ÂëäÊü•ËØ¢',107,1,'#','F','0','system:notice:list','#','admin',NULL,'',NULL,''),(1036,'ÂÖ¨ÂëäÊñ∞Â¢û',107,2,'#','F','0','system:notice:add','#','admin',NULL,'',NULL,''),(1037,'ÂÖ¨Âëä‰øÆÊîπ',107,3,'#','F','0','system:notice:edit','#','admin',NULL,'',NULL,''),(1038,'ÂÖ¨ÂëäÂà†Èô§',107,4,'#','F','0','system:notice:remove','#','admin',NULL,'',NULL,''),(1039,'Êìç‰ΩúÊü•ËØ¢',500,1,'#','F','0','monitor:operlog:list','#','admin',NULL,'',NULL,''),(1040,'Êìç‰ΩúÂà†Èô§',500,2,'#','F','0','monitor:operlog:remove','#','admin',NULL,'',NULL,''),(1041,'ËØ¶ÁªÜ‰ø°ÊÅØ',500,3,'#','F','0','monitor:operlog:detail','#','admin',NULL,'',NULL,''),(1042,'Êó•ÂøóÂØºÂá∫',500,4,'#','F','0','monitor:operlog:export','#','admin',NULL,'',NULL,''),(1043,'ÁôªÂΩïÊü•ËØ¢',501,1,'#','F','0','monitor:logininfor:list','#','admin',NULL,'',NULL,''),(1044,'ÁôªÂΩïÂà†Èô§',501,2,'#','F','0','monitor:logininfor:remove','#','admin',NULL,'',NULL,''),(1045,'Êó•ÂøóÂØºÂá∫',501,3,'#','F','0','monitor:logininfor:export','#','admin',NULL,'',NULL,''),(1046,'Âú®Á∫øÊü•ËØ¢',109,1,'#','F','0','monitor:online:list','#','admin',NULL,'',NULL,''),(1047,'ÊâπÈáèÂº∫ÈÄÄ',109,2,'#','F','0','monitor:online:batchForceLogout','#','admin',NULL,'',NULL,''),(1048,'ÂçïÊù°Âº∫ÈÄÄ',109,3,'#','F','0','monitor:online:forceLogout','#','admin',NULL,'',NULL,''),(1049,'‰ªªÂä°Êü•ËØ¢',110,1,'#','F','0','monitor:job:list','#','admin',NULL,'',NULL,''),(1050,'‰ªªÂä°Êñ∞Â¢û',110,2,'#','F','0','monitor:job:add','#','admin',NULL,'',NULL,''),(1051,'‰ªªÂä°‰øÆÊîπ',110,3,'#','F','0','monitor:job:edit','#','admin',NULL,'',NULL,''),(1052,'‰ªªÂä°Âà†Èô§',110,4,'#','F','0','monitor:job:remove','#','admin',NULL,'',NULL,''),(1053,'Áä∂ÊÄÅ‰øÆÊîπ',110,5,'#','F','0','monitor:job:changeStatus','#','admin',NULL,'',NULL,''),(1054,'‰ªªÂä°ËØ¶ÁªÜ',110,6,'#','F','0','monitor:job:detail','#','admin',NULL,'',NULL,''),(1055,'‰ªªÂä°ÂØºÂá∫',110,7,'#','F','0','monitor:job:export','#','admin',NULL,'',NULL,''),(1056,'ÁîüÊàêÊü•ËØ¢',114,1,'#','F','0','tool:gen:list','#','admin',NULL,'',NULL,''),(1057,'ÁîüÊàê‰ª£Á†Å',114,2,'#','F','0','tool:gen:code','#','admin',NULL,'',NULL,''),(1058,'Â≠¶ÁîüÁÆ°ÁêÜ',0,2,'#','M','0','','fa fa-address-card-o','admin',NULL,'',NULL,''),(1062,'Êï∞ÊçÆÊ±áÊÄª',0,4,'#','M','0','','fa fa-bar-chart','admin',NULL,'',NULL,''),(1063,'Â≠¶ÁîüÊ°£Ê°à',1058,1,'/teach/student','C','0','teach:student:view','#','admin',NULL,'',NULL,''),(1064,'Â≠¶ÁîüÊü•ËØ¢',1063,1,'#','F','0','teach:student:list','#','admin',NULL,'',NULL,''),(1065,'Â≠¶ÁîüÊñ∞Â¢û',1063,2,'#','F','0','teach:student:add','#','admin',NULL,'',NULL,''),(1066,'Â≠¶Áîü‰øÆÊîπ',1063,3,'#','F','0','teach:student:edit','#','admin',NULL,'',NULL,''),(1067,'Â≠¶ÁîüÂà†Èô§',1063,4,'#','F','0','teach:student:remove','#','admin',NULL,'',NULL,''),(1068,'Â≠¶ÁîüÂØºÂÖ•',1063,5,'#','F','0','teach:student:import','#','admin',NULL,'',NULL,''),(1069,'Â≠¶ÁîüÂØºÂá∫',1063,6,'#','F','0','teach:student:export','#','admin',NULL,'',NULL,''),(1070,'Âú∞Âå∫ËèúÂçï',3,1,'/system/districts','C','0','system:districts:view','#','admin',NULL,'',NULL,'Âú∞Âå∫ËèúÂçï'),(1071,'Âú∞Âå∫Êü•ËØ¢',1070,1,'#','F','0','system:districts:list','#','admin',NULL,'',NULL,''),(1072,'Âú∞Âå∫Êñ∞Â¢û',1070,2,'#','F','0','system:districts:add','#','admin',NULL,'',NULL,''),(1073,'Âú∞Âå∫‰øÆÊîπ',1070,3,'#','F','0','system:districts:edit','#','admin',NULL,'',NULL,''),(1074,'Âú∞Âå∫Âà†Èô§',1070,4,'#','F','0','system:districts:remove','#','admin',NULL,'',NULL,''),(1075,'Êñá‰ª∂ÁÆ°ÁêÜ',1,10,'/system/oss','C','1','system:oss:view','#','admin',NULL,'',NULL,''),(1076,'Êñá‰ª∂‰∏ä‰º†',1056,1,'#','F','0','system:oss:add','#','admin',NULL,'',NULL,''),(1077,'Êñá‰ª∂Âà†Èô§',1056,2,'#','F','0','system:oss:remove','#','admin',NULL,'',NULL,''),(1078,'Êñá‰ª∂ÈÖçÁΩÆ',1056,3,'#','F','0','system:oss:config','#','admin',NULL,'',NULL,''),(1079,'Êñá‰ª∂‰øÆÊîπ',1056,4,'#','F','0','system:oss:remove','#','admin',NULL,'',NULL,''),(1101,'Â≠¶Ê†°ÁÆ°ÁêÜ',0,0,'','M','0','','fa fa-institution','admin',NULL,'',NULL,''),(1102,'‰∏ì‰∏öËÆæÁΩÆ',1101,2,'/teach/teachMajor','C','0','teach:teachMajor:view','#','admin',NULL,'',NULL,''),(1104,'Áè≠Á∫ßÁÆ°ÁêÜ',0,1,'#','M','0','','fa fa-users','admin',NULL,'',NULL,''),(1105,'Áè≠Á∫ßÂàóË°®',1104,1,'/teach/teachClasses','C','0','teach:teachClasses:view','#','admin',NULL,'',NULL,''),(1106,'ÊúàÂ∫¶ËÄÉÊ†∏Ê†áÂáÜ',1101,5,'/teach/teachAssessMonth','C','0','teach:teachAssessMonth:view','#','admin',NULL,'',NULL,''),(1107,'ËÄÉÊ†∏ËÆæÁΩÆ',1101,3,'/teach/teachAssessmentCriterion','C','0','teach:teachAssessmentCriterion:view','#','admin',NULL,'',NULL,''),(1113,'ËÄÉÊ†∏Ê†áÂáÜÊü•ËØ¢',1107,1,'#','F','0','teach:teachAssessmentCriterion:list','#','admin',NULL,'',NULL,''),(1114,'ËÄÉÊ†∏Ê†áÂáÜÊñ∞Â¢û',1107,2,'#','F','0','teach:teachAssessmentCriterion:add','#','admin',NULL,'',NULL,''),(1115,'ËÄÉÊ†∏Ê†áÂáÜ‰øÆÊîπ',1107,3,'#','F','0','teach:teachAssessmentCriterion:edit','#','admin',NULL,'',NULL,''),(1116,'ËÄÉÊ†∏Ê†áÂáÜÂà†Èô§',1107,4,'#','F','0','teach:teachAssessmentCriterion:remove','#','admin',NULL,'',NULL,''),(1121,'ÊúàÂ∫¶ËÄÉÊ†∏Ê†áÂáÜÊü•ËØ¢',1106,1,'#','F','0','teach:teachAssessMonth:list','#','admin',NULL,'',NULL,''),(1122,'ÊúàÂ∫¶ËÄÉÊ†∏Ê†áÂáÜÊñ∞Â¢û',1106,2,'#','F','0','teach:teachAssessMonth:add','#','admin',NULL,'',NULL,''),(1123,'ÊúàÂ∫¶ËÄÉÊ†∏Ê†áÂáÜ‰øÆÊîπ',1106,3,'#','F','0','teach:teachAssessMonth:edit','#','admin',NULL,'',NULL,''),(1124,'ÊúàÂ∫¶ËÄÉÊ†∏Ê†áÂáÜÂà†Èô§',1106,4,'#','F','0','teach:teachAssessMonth:remove','#','admin',NULL,'',NULL,''),(1125,'‰∏ì‰∏öÊü•ËØ¢',1102,1,'#','F','0','teach:teachMajor:list','#','admin',NULL,'',NULL,''),(1126,'‰∏ì‰∏öÊñ∞Â¢û',1102,2,'#','F','0','teach:teachMajor:add','#','admin',NULL,'',NULL,''),(1127,'‰∏ì‰∏ö‰øÆÊîπ',1102,3,'#','F','0','teach:teachMajor:edit','#','admin',NULL,'',NULL,''),(1128,'‰∏ì‰∏öÂà†Èô§',1102,4,'#','F','0','teach:teachMajor:remove','#','admin',NULL,'',NULL,''),(1129,'Áè≠Á∫ßÊü•ËØ¢',1105,1,'#','F','0','teach:teachClasses:list','#','admin',NULL,'',NULL,''),(1130,'Áè≠Á∫ßÊñ∞Â¢û',1105,2,'#','F','0','teach:teachClasses:add','#','admin',NULL,'',NULL,''),(1131,'Áè≠Á∫ß‰øÆÊîπ',1105,3,'#','F','0','teach:teachClasses:edit','#','admin',NULL,'',NULL,''),(1132,'Áè≠Á∫ßÂà†Èô§',1105,4,'#','F','0','teach:teachClasses:remove','#','admin',NULL,'',NULL,''),(1133,'Áè≠Á∫ßËÄÉÂã§',1104,2,'/teach/teachAttendance','C','0','teach:teachAttendance:view','#','admin',NULL,'',NULL,'Áè≠Á∫ßËÄÉÂã§ËèúÂçï'),(1134,'Áè≠Á∫ßËÄÉÂã§Êü•ËØ¢',1133,1,'#','F','0','teach:teachAttendance:list','#','admin',NULL,'',NULL,''),(1135,'Áè≠Á∫ßËÄÉÂã§Êñ∞Â¢û',1133,2,'#','F','0','teach:teachAttendance:add','#','admin',NULL,'',NULL,''),(1136,'Áè≠Á∫ßËÄÉÂã§‰øÆÊîπ',1133,3,'#','F','0','teach:teachAttendance:edit','#','admin',NULL,'',NULL,''),(1137,'Áè≠Á∫ßËÄÉÂã§Âà†Èô§',1133,4,'#','F','0','teach:teachAttendance:remove','#','admin',NULL,'',NULL,''),(1148,'Áè≠Á∫ß‰Ωú‰∏ö',1104,4,'/teach/teachJob','C','0','teach:teachJob:view','#','admin',NULL,'',NULL,''),(1149,'Áè≠Á∫ß‰Ωú‰∏öÊü•ËØ¢',1148,1,'#','F','0','teach:teachJob:list','#','admin',NULL,'',NULL,''),(1150,'Áè≠Á∫ß‰Ωú‰∏öÊñ∞Â¢û',1148,2,'#','F','0','teach:teachJob:add','#','admin',NULL,'',NULL,''),(1151,'Áè≠Á∫ß‰Ωú‰∏ö‰øÆÊîπ',1148,3,'#','F','0','teach:teachJob:edit','#','admin',NULL,'',NULL,''),(1152,'Áè≠Á∫ß‰Ωú‰∏öÂà†Èô§',1148,4,'#','F','0','teach:teachJob:remove','#','admin',NULL,'',NULL,''),(1153,'Áè≠Á∫ßËÄÉËØï',1104,3,'/teach/teachExam','C','0','teach:teachExam:view','#','admin',NULL,'',NULL,''),(1154,'Áè≠Á∫ßËÄÉËØïÊü•ËØ¢',1153,1,'#','F','0','teach:teachExam:list','#','admin',NULL,'',NULL,''),(1155,'Áè≠Á∫ßËÄÉËØïÊñ∞Â¢û',1153,2,'#','F','0','teach:teachExam:add','#','admin',NULL,'',NULL,''),(1156,'Áè≠Á∫ßËÄÉËØï‰øÆÊîπ',1153,3,'#','F','0','teach:teachExam:edit','#','admin',NULL,'',NULL,''),(1157,'Áè≠Á∫ßËÄÉËØïÂà†Èô§',1153,4,'#','F','0','teach:teachExam:remove','#','admin',NULL,'',NULL,''),(1163,'ËØÑÊïôÁÆ°ÁêÜ',0,3,'#','M','0','','fa fa-heart','admin',NULL,'',NULL,''),(1164,'ËØæÁ®ãÊª°ÊÑèÂ∫¶',1163,1,'/teach/teachSatisfaction','C','0','teach:teachSatisfaction:view','#','admin',NULL,'',NULL,''),(1165,'Êª°ÊÑèÂ∫¶Êü•ËØ¢',1164,1,'#','F','0','teach:teachSatisfaction:list','#','admin',NULL,'',NULL,''),(1166,'Êª°ÊÑèÂ∫¶Êñ∞Â¢û',1164,2,'#','F','0','teach:teachSatisfaction:add','#','admin',NULL,'',NULL,''),(1167,'Êª°ÊÑèÂ∫¶‰øÆÊîπ',1164,3,'#','F','0','teach:teachSatisfaction:edit','#','admin',NULL,'',NULL,''),(1168,'Êª°ÊÑèÂ∫¶Âà†Èô§',1164,4,'#','F','0','teach:teachSatisfaction:remove','#','admin',NULL,'',NULL,''),(1174,'ÊäΩÊü•ÂΩíÊ°£',0,5,'#','M','0','','fa fa-binoculars','admin',NULL,'',NULL,''),(1175,'ÊÄªÈÉ®Áù£Êü•ÔºàÈ°πÁõÆÔºâ',1174,1,'/teach/teachSupervisionSubject','C','0','teach:teachSupervisionSubject:view','#','admin',NULL,'',NULL,''),(1176,'ÊÄªÈÉ®Áù£Êü•ÔºàËÄÉËØïÔºâ',1174,2,'/teach/teachSupervisionExam','C','0','teach:teachSupervisionExam:view','#','admin',NULL,'',NULL,''),(1177,'Êï∞ÊçÆÊ±áÊÄªÔºàÁè≠Á∫ßÔºâ',1062,10,'/teach/teachClassStatistics','C','0','teach:teachClassStatistics:view','#','admin',NULL,'',NULL,''),(1178,'Êï∞ÊçÆÊ±áÊÄªÔºà‰∏ì‰∏öÔºâ',1062,20,'/teach/teachMajorStatistics','C','0','teach:teachMajorStatistics:view','#','admin',NULL,'',NULL,''),(1179,'Êï∞ÊçÆÊ±áÊÄªÔºàËÄÅÂ∏àÔºâ',1062,30,'/teach/teachTeacherStatistics','C','0','teach:teachTeacherStatistics:view','#','admin',NULL,'',NULL,''),(1180,'Áè≠Á∫ßÈ°πÁõÆ',1104,5,'/teach/teachSubject','C','0','teach:teachSubject:view','#','admin',NULL,'',NULL,''),(1181,'Áè≠Á∫ßÈ°πÁõÆÊü•ËØ¢',1180,1,'#','F','0','teach:teachSubject:list','#','admin',NULL,'',NULL,''),(1182,'Áè≠Á∫ßÈ°πÁõÆÊñ∞Â¢û',1180,2,'#','F','0','teach:teachSubject:add','#','admin',NULL,'',NULL,''),(1183,'Áè≠Á∫ßÈ°πÁõÆ‰øÆÊîπ',1180,3,'#','F','0','teach:teachSubject:edit','#','admin',NULL,'',NULL,''),(1184,'Áè≠Á∫ßÈ°πÁõÆÂà†Èô§',1180,4,'#','F','0','teach:teachSubject:remove','#','admin',NULL,'',NULL,''),(1185,'ÊÄªÈÉ®Áù£Êü•ËÄÉËØïÊü•ËØ¢',1176,1,'#','F','0','teach:teachSupervisionExam:list','#','admin',NULL,'',NULL,''),(1186,'ÊÄªÈÉ®Áù£Êü•ËÄÉËØïÊñ∞Â¢û',1176,2,'#','F','0','teach:teachSupervisionExam:add','#','admin',NULL,'',NULL,''),(1187,'ÊÄªÈÉ®Áù£Êü•ËÄÉËØï‰øÆÊîπ',1176,3,'#','F','0','teach:teachSupervisionExam:edit','#','admin',NULL,'',NULL,''),(1188,'ÊÄªÈÉ®Áù£Êü•ËÄÉËØïÂà†Èô§',1176,4,'#','F','0','teach:teachSupervisionExam:remove','#','admin',NULL,'',NULL,''),(1189,'ÊÄªÈÉ®Áù£Êü•È°πÁõÆÊü•ËØ¢',1175,1,'#','F','0','teach:teachSupervisionSubject:list','#','admin',NULL,'',NULL,''),(1190,'ÊÄªÈÉ®Áù£Êü•È°πÁõÆÊñ∞Â¢û',1175,2,'#','F','0','teach:teachSupervisionSubject:add','#','admin',NULL,'',NULL,''),(1191,'ÊÄªÈÉ®Áù£Êü•È°πÁõÆ‰øÆÊîπ',1175,3,'#','F','0','teach:teachSupervisionSubject:edit','#','admin',NULL,'',NULL,''),(1192,'ÊÄªÈÉ®Áù£Êü•È°πÁõÆÂà†Èô§',1175,4,'#','F','0','teach:teachSupervisionSubject:remove','#','admin',NULL,'',NULL,''),(1193,'Êï∞ÊçÆÊ±áÊÄªÔºàÁè≠Á∫ßÔºâÊü•ËØ¢',1177,1,'#','F','0','teach:teachClassStatistics:list','#','admin',NULL,'',NULL,''),(1194,'Êï∞ÊçÆÊ±áÊÄªÔºàÁè≠Á∫ßÔºâÊñ∞Â¢û',1177,2,'#','F','0','teach:teachClassStatistics:add','#','admin',NULL,'',NULL,''),(1195,'Êï∞ÊçÆÊ±áÊÄªÔºàÁè≠Á∫ßÔºâ‰øÆÊîπ',1177,3,'#','F','0','teach:teachClassStatistics:edit','#','admin',NULL,'',NULL,''),(1196,'Êï∞ÊçÆÊ±áÊÄªÔºàÁè≠Á∫ßÔºâÂà†Èô§',1177,4,'#','F','0','teach:teachClassStatistics:remove','#','admin',NULL,'',NULL,''),(1197,'Êï∞ÊçÆÊ±áÊÄªÔºà‰∏ì‰∏öÔºâÊü•ËØ¢',1178,1,'#','F','0','teach:teachMajorStatistics:list','#','admin',NULL,'',NULL,''),(1198,'Êï∞ÊçÆÊ±áÊÄªÔºà‰∏ì‰∏öÔºâÊñ∞Â¢û',1178,2,'#','F','0','teach:teachMajorStatistics:add','#','admin',NULL,'',NULL,''),(1199,'Êï∞ÊçÆÊ±áÊÄªÔºà‰∏ì‰∏öÔºâ‰øÆÊîπ',1178,3,'#','F','0','teach:teachMajorStatistics:edit','#','admin',NULL,'',NULL,''),(1200,'Êï∞ÊçÆÊ±áÊÄªÔºà‰∏ì‰∏öÔºâÂà†Èô§',1178,4,'#','F','0','teach:teachMajorStatistics:remove','#','admin',NULL,'',NULL,''),(1201,'Êï∞ÊçÆÊ±áÊÄªÔºàÊïôÂ∏àÔºâÊü•ËØ¢',1179,1,'#','F','0','teach:teachTeacherStatistics:list','#','admin',NULL,'',NULL,''),(1202,'Êï∞ÊçÆÊ±áÊÄªÔºàÊïôÂ∏àÔºâÊñ∞Â¢û',1179,2,'#','F','0','teach:teachTeacherStatistics:add','#','admin',NULL,'',NULL,''),(1203,'Êï∞ÊçÆÊ±áÊÄªÔºàÊïôÂ∏àÔºâ‰øÆÊîπ',1179,3,'#','F','0','teach:teachTeacherStatistics:edit','#','admin',NULL,'',NULL,''),(1209,'Â∞±‰∏ö‰ø°ÊÅØ',1104,6,'/teach/teachStudentEmployment','C','0','teach:teachStudentEmployment:view','#','admin',NULL,'',NULL,''),(1210,'Â≠¶ÁîüÂ∞±‰∏öÊü•ËØ¢',1209,1,'#','F','0','teach:teachStudentEmployment:list','#','admin',NULL,'',NULL,''),(1211,'Â≠¶ÁîüÂ∞±‰∏öÊñ∞Â¢û',1209,2,'#','F','0','teach:teachStudentEmployment:add','#','admin',NULL,'',NULL,''),(1212,'Â≠¶ÁîüÂ∞±‰∏ö‰øÆÊîπ',1209,3,'#','F','0','teach:teachStudentEmployment:edit','#','admin',NULL,'',NULL,''),(1213,'Â≠¶ÁîüÂ∞±‰∏öÂà†Èô§',1209,4,'#','F','0','teach:teachStudentEmployment:remove','#','admin',NULL,'',NULL,''),(1214,'Êõ¥ÊîπÂ≠¶ÂëòÁä∂ÊÄÅ',1063,8,'#','F','0','teach:student:updateState','#','1105',NULL,'',NULL,''),(1215,'ËØ¶ÊÉÖ',1063,7,'#','F','0','teach:student:detail','#','1105',NULL,'',NULL,''),(1216,'ËÄÉËØïÂ≠êË°®ÔºàËØ¶ÊÉÖ‰∏≠ÁöÑÊü•ËØ¢Ôºâ',1063,9,'#','F','0','teach:teachStudentExam:list','#','1105',NULL,'',NULL,''),(1218,'‰Ωú‰∏öÂ≠êË°®ÔºàËØ¶ÊÉÖ‰∏≠ÁöÑÊü•ËØ¢Ôºâ',1063,9,'#','F','0','teach:teachStudentJob:list','#','1105',NULL,'',NULL,''),(1219,'È°πÁõÆÂ≠êË°®ÔºàËØ¶ÊÉÖ‰∏≠ÁöÑÊü•ËØ¢Ôºâ',1063,9,'#','F','0','teach:teachStudentSubject:list','#','1105',NULL,'',NULL,''),(1220,'ËÄÉÂã§Â≠êË°®ÔºàËØ¶ÊÉÖ‰∏≠ÁöÑÊü•ËØ¢Ôºâ',1063,9,'#','F','0','teach:teachStudentAttendance:list','#','1105',NULL,'',NULL,''),(1221,'ËÄÅÂ∏àÂàóË°®',1105,9,'#','F','0','system:user:list','#','admin',NULL,'',NULL,''),(1222,'Áè≠Á∫ßËÄÉÂã§ÁªüËÆ°',1133,8,'#','F','0','teach:teachMajorStage:list','#','admin',NULL,'',NULL,''),(1223,'Áè≠Á∫ßËØ¶ÊÉÖ',1105,6,'#','F','0','teach:teachClasses:detail','#','admin',NULL,'',NULL,''),(1224,'‰∏ì‰∏öÈò∂ÊÆµ',1102,9,'#','F','0','teach:teachMajorStage:list','#','1105',NULL,'',NULL,''),(1225,'ËÄÉÊ†∏Â≠êË°®',1107,9,'#','F','0','teach:teachInspectionItems:list','#','admin',NULL,'',NULL,''),(1226,'ÊïôÂ∏àÈò∂ÊÆµ',1105,9,'#','F','0','teach:teachClassesTeacher:list','#','admin',NULL,'',NULL,''),(1228,'Â≠¶ÁîüÂØºÂÖ•Ê®°Êùø',1063,9,'#','F','0','system:user:view','#','1105',NULL,'',NULL,''),(1229,'ÊäïËØâÂª∫ËÆÆ',1163,3,'/teach/teachSatisfaction','C','1','','#','admin',NULL,'',NULL,''),(1230,'ËÄÉÊ†∏ËØ¶ÊÉÖ',1107,9,'#','F','0','teach:teachAssessmentCriterion:detail','#','1105',NULL,'',NULL,''),(1231,'Â∞±‰∏öËØ¶ÊÉÖ',1209,9,'#','F','0','teach:teachStudentEmployment:detail','#','1105',NULL,'',NULL,''),(1232,'ÈùûÂú®ËØªÂ≠¶ÂëòÊü•ËØ¢',1133,9,'#','F','0','teach:student:classOtherStudents','#','1105',NULL,'',NULL,''),(1233,'ÈùûÂú®ËØªÂ≠¶ÂëòÊü•ËØ¢',1209,9,'#','F','0','teach:student:classOtherStudents','#','1105',NULL,'',NULL,''),(1234,'Âú®ËØªÂ≠¶ÂëòÊü•ËØ¢',1133,99,'#','F','0','teach:student:classStudents','#','admin',NULL,'',NULL,''),(1235,'ËÄÉÂã§ËØ¶ÊÉÖ',1133,99,'#','F','0','teach:teachAttendance:detail','#','admin',NULL,'',NULL,''),(1236,'ËÄÉËØïËØ¶ÊÉÖ',1153,99,'#','F','0','teach:teachExam:detail','#','admin',NULL,'',NULL,''),(1237,'‰Ωú‰∏öËØ¶ÊÉÖ',1148,99,'#','F','0','teach:teachJob:detail','#','admin',NULL,'',NULL,''),(1238,'È°πÁõÆËØ¶ÊÉÖ',1180,99,'#','F','0','teach:teachSubject:detail','#','admin',NULL,'',NULL,''),(1239,'ËØ¶ÊÉÖÁä∂ÊÄÅËÆ∞ÂΩïÊü•ËØ¢',1063,9,'#','F','0','teach:teachStatusRecord:list','#','1105',NULL,'',NULL,''),(1240,'Â≠¶Áîü‰ø°ÊÅØÂØºÂÖ•Ê®°ÁâàËØ¥Êòé',1063,9,'#','F','0','teach:student:examine','#','admin',NULL,'',NULL,''),(1241,'Áè≠Á∫ßÁªìËØæ',1105,10,'#','F','0','teach:teachClasses:change','#','admin',NULL,'',NULL,''),(1242,'Áè≠Á∫ßÁªìËØæ',1104,10,'#','F','0','teach:teachClasses:change','#','admin',NULL,'',NULL,''),(1243,'ËÄÅÂ∏àÂàóË°®',1209,9,'#','F','0','system:user:list','#','1105',NULL,'',NULL,''),(1244,'Áü•ËØÜÁÆ°ÁêÜ',0,4,'#','M','0','','fa fa-key','1105',NULL,'',NULL,''),(1245,'ËèúÂçïÁÆ°ÁêÜ',1244,1,'/knowledge/knowledgeMenu','C','0','knowledge:knowledgeMenu:view','#','1105',NULL,'',NULL,''),(1246,'Êñá‰ª∂ÁÆ°ÁêÜ',1244,2,'/knowledge/knowledgeOss','C','0','knowledge:knowledgeOss:view','#','1105',NULL,'',NULL,''),(1247,'ËèúÂçïÁÆ°ÁêÜÂàóË°®',1245,1,'#','F','0','knowledge:knowledgeMenu:list','#','1105',NULL,'',NULL,''),(1248,'ËèúÂçïÊñ∞Â¢û',1245,2,'#','F','0','knowledge:knowledgeMenu:add','#','1105',NULL,'',NULL,''),(1249,'ËèúÂçï‰øÆÊîπ',1245,3,'#','F','0','knowledge:knowledgeMenu:edit','#','1105',NULL,'',NULL,''),(1250,'ËèúÂçïÂà†Èô§',1245,4,'#','F','0','knowledge:knowledgeMenu:remove','#','1105',NULL,'',NULL,''),(1251,'Êñá‰ª∂ÂàóË°®',1246,1,'#','F','0','knowledge:knowledgeOss:list','#','1105',NULL,'',NULL,''),(1252,'Êñá‰ª∂‰∏ä‰º†',1246,2,'#','F','0','knowledge:knowledgeOss:add','#','1105',NULL,'',NULL,''),(1253,'Êñá‰ª∂ÁºñËæë',1246,3,'#','F','0','knowledge:knowledgeOss:edit','#','1105',NULL,'',NULL,''),(1254,'Êñá‰ª∂Âà†Èô§',1246,3,'#','F','0','knowledge:knowledgeOss:remove','#','1105',NULL,'',NULL,''),(1255,'‰∫ëÂ≠òÂÇ®',1246,5,'#','F','0','knowledge:knowledgeOss:config','#','1105',NULL,'',NULL,''),(1256,'ÁªìÂêàeditor',1246,6,'#','F','0','knowledge:knowledgeOss:add','#','1105',NULL,'',NULL,''),(1257,'Ê°£Ê°àÊî∂ÈõÜ',1058,2,'/teach/teachFileCollection','M','0','teach:teachFileCollection:view','#','admin',NULL,'',NULL,'');
/*!40000 ALTER TABLE `sys_menu` ENABLE KEYS */;
UNLOCK TABLES;

--
-- Table structure for table `sys_notice`
--

DROP TABLE IF EXISTS `sys_notice`;
/*!40101 SET @saved_cs_client     = @@character_set_client */;
/*!40101 SET character_set_client = utf8 */;
CREATE TABLE `sys_notice` (
  `notice_id` int(4) NOT NULL AUTO_INCREMENT COMMENT 'ÂÖ¨ÂëäID',
  `notice_title` varchar(50) COLLATE utf8_bin NOT NULL COMMENT 'ÂÖ¨ÂëäÊ†áÈ¢ò',
  `notice_type` char(1) COLLATE utf8_bin NOT NULL COMMENT 'ÂÖ¨ÂëäÁ±ªÂûãÔºà1ÈÄöÁü• 2ÂÖ¨ÂëäÔºâ',
  `notice_content` varchar(2000) COLLATE utf8_bin DEFAULT NULL COMMENT 'ÂÖ¨ÂëäÂÜÖÂÆπ',
  `status` char(1) COLLATE utf8_bin DEFAULT '0' COMMENT 'ÂÖ¨ÂëäÁä∂ÊÄÅÔºà0Ê≠£Â∏∏ 1ÂÖ≥Èó≠Ôºâ',
  `create_by` varchar(64) COLLATE utf8_bin DEFAULT '' COMMENT 'ÂàõÂª∫ËÄÖ',
  `create_time` datetime DEFAULT NULL COMMENT 'ÂàõÂª∫Êó∂Èó¥',
  `update_by` varchar(64) COLLATE utf8_bin DEFAULT '' COMMENT 'Êõ¥Êñ∞ËÄÖ',
  `update_time` datetime DEFAULT NULL COMMENT 'Êõ¥Êñ∞Êó∂Èó¥',
  `remark` varchar(255) COLLATE utf8_bin DEFAULT NULL COMMENT 'Â§áÊ≥®',
  PRIMARY KEY (`notice_id`) USING BTREE
) ENGINE=InnoDB DEFAULT CHARSET=utf8 COLLATE=utf8_bin ROW_FORMAT=COMPACT COMMENT='ÈÄöÁü•ÂÖ¨ÂëäË°®';
/*!40101 SET character_set_client = @saved_cs_client */;

--
-- Dumping data for table `sys_notice`
--

LOCK TABLES `sys_notice` WRITE;
/*!40000 ALTER TABLE `sys_notice` DISABLE KEYS */;
/*!40000 ALTER TABLE `sys_notice` ENABLE KEYS */;
UNLOCK TABLES;

--
-- Table structure for table `sys_oper_log`
--

DROP TABLE IF EXISTS `sys_oper_log`;
/*!40101 SET @saved_cs_client     = @@character_set_client */;
/*!40101 SET character_set_client = utf8 */;
CREATE TABLE `sys_oper_log` (
  `oper_id` bigint(20) NOT NULL AUTO_INCREMENT COMMENT 'Êó•Âøó‰∏ªÈîÆ',
  `title` varchar(50) COLLATE utf8_bin DEFAULT '' COMMENT 'Ê®°ÂùóÊ†áÈ¢ò',
  `business_type` int(2) DEFAULT '0' COMMENT '‰∏öÂä°Á±ªÂûãÔºà0ÂÖ∂ÂÆÉ 1Êñ∞Â¢û 2‰øÆÊîπ 3Âà†Èô§Ôºâ',
  `method` varchar(100) COLLATE utf8_bin DEFAULT '' COMMENT 'ÊñπÊ≥ïÂêçÁß∞',
  `operator_type` int(1) DEFAULT '0' COMMENT 'Êìç‰ΩúÁ±ªÂà´Ôºà0ÂÖ∂ÂÆÉ 1ÂêéÂè∞Áî®Êà∑ 2ÊâãÊú∫Á´ØÁî®Êà∑Ôºâ',
  `oper_name` varchar(50) COLLATE utf8_bin DEFAULT '' COMMENT 'Êìç‰Ωú‰∫∫Âëò',
  `dept_name` varchar(50) COLLATE utf8_bin DEFAULT '' COMMENT 'ÈÉ®Èó®ÂêçÁß∞',
  `oper_url` varchar(255) COLLATE utf8_bin DEFAULT '' COMMENT 'ËØ∑Ê±ÇURL',
  `oper_ip` varchar(50) COLLATE utf8_bin DEFAULT '' COMMENT '‰∏ªÊú∫Âú∞ÂùÄ',
  `oper_location` varchar(255) COLLATE utf8_bin DEFAULT '' COMMENT 'Êìç‰ΩúÂú∞ÁÇπ',
  `oper_param` varchar(2000) COLLATE utf8_bin DEFAULT '' COMMENT 'ËØ∑Ê±ÇÂèÇÊï∞',
  `status` int(1) DEFAULT '0' COMMENT 'Êìç‰ΩúÁä∂ÊÄÅÔºà0Ê≠£Â∏∏ 1ÂºÇÂ∏∏Ôºâ',
  `error_msg` varchar(2000) COLLATE utf8_bin DEFAULT '' COMMENT 'ÈîôËØØÊ∂àÊÅØ',
  `oper_time` datetime DEFAULT NULL COMMENT 'Êìç‰ΩúÊó∂Èó¥',
  PRIMARY KEY (`oper_id`) USING BTREE
) ENGINE=InnoDB DEFAULT CHARSET=utf8 COLLATE=utf8_bin ROW_FORMAT=COMPACT COMMENT='Êìç‰ΩúÊó•ÂøóËÆ∞ÂΩï';
/*!40101 SET character_set_client = @saved_cs_client */;

--
-- Dumping data for table `sys_oper_log`
--

LOCK TABLES `sys_oper_log` WRITE;
/*!40000 ALTER TABLE `sys_oper_log` DISABLE KEYS */;
/*!40000 ALTER TABLE `sys_oper_log` ENABLE KEYS */;
UNLOCK TABLES;

--
-- Table structure for table `sys_oss`
--

DROP TABLE IF EXISTS `sys_oss`;
/*!40101 SET @saved_cs_client     = @@character_set_client */;
/*!40101 SET character_set_client = utf8 */;
CREATE TABLE `sys_oss` (
  `id` bigint(20) NOT NULL AUTO_INCREMENT,
  `file_name` varchar(64) NOT NULL DEFAULT '' COMMENT 'Êñá‰ª∂Âêç',
  `file_suffix` varchar(10) NOT NULL DEFAULT '' COMMENT 'Êñá‰ª∂ÂêéÁºÄÂêç',
  `url` varchar(200) NOT NULL COMMENT 'URLÂú∞ÂùÄ',
  `create_time` datetime DEFAULT NULL COMMENT 'ÂàõÂª∫Êó∂Èó¥',
  `create_by` varchar(64) NOT NULL DEFAULT '' COMMENT '‰∏ä‰º†‰∫∫',
  `service` tinyint(2) NOT NULL DEFAULT '1' COMMENT 'ÊúçÂä°ÂïÜ',
  PRIMARY KEY (`id`) USING BTREE
) ENGINE=InnoDB AUTO_INCREMENT=17 DEFAULT CHARSET=utf8 ROW_FORMAT=COMPACT COMMENT='Êñá‰ª∂‰∏ä‰º†';
/*!40101 SET character_set_client = @saved_cs_client */;

--
-- Dumping data for table `sys_oss`
--

LOCK TABLES `sys_oss` WRITE;
/*!40000 ALTER TABLE `sys_oss` DISABLE KEYS */;
/*!40000 ALTER TABLE `sys_oss` ENABLE KEYS */;
UNLOCK TABLES;

--
-- Table structure for table `sys_post`
--

DROP TABLE IF EXISTS `sys_post`;
/*!40101 SET @saved_cs_client     = @@character_set_client */;
/*!40101 SET character_set_client = utf8 */;
CREATE TABLE `sys_post` (
  `post_id` bigint(20) NOT NULL AUTO_INCREMENT COMMENT 'Â≤ó‰ΩçID',
  `post_code` varchar(64) COLLATE utf8_bin NOT NULL COMMENT 'Â≤ó‰ΩçÁºñÁ†Å',
  `post_name` varchar(50) COLLATE utf8_bin NOT NULL COMMENT 'Â≤ó‰ΩçÂêçÁß∞',
  `post_sort` int(4) NOT NULL COMMENT 'ÊòæÁ§∫È°∫Â∫è',
  `status` char(1) COLLATE utf8_bin NOT NULL COMMENT 'Áä∂ÊÄÅÔºà0Ê≠£Â∏∏ 1ÂÅúÁî®Ôºâ',
  `create_by` varchar(64) COLLATE utf8_bin DEFAULT '' COMMENT 'ÂàõÂª∫ËÄÖ',
  `create_time` datetime DEFAULT NULL COMMENT 'ÂàõÂª∫Êó∂Èó¥',
  `update_by` varchar(64) COLLATE utf8_bin DEFAULT '' COMMENT 'Êõ¥Êñ∞ËÄÖ',
  `update_time` datetime DEFAULT NULL COMMENT 'Êõ¥Êñ∞Êó∂Èó¥',
  `remark` varchar(500) COLLATE utf8_bin DEFAULT NULL COMMENT 'Â§áÊ≥®',
  PRIMARY KEY (`post_id`) USING BTREE
) ENGINE=InnoDB AUTO_INCREMENT=5 DEFAULT CHARSET=utf8 COLLATE=utf8_bin ROW_FORMAT=COMPACT COMMENT='Â≤ó‰Ωç‰ø°ÊÅØË°®';
/*!40101 SET character_set_client = @saved_cs_client */;

--
-- Dumping data for table `sys_post`
--

LOCK TABLES `sys_post` WRITE;
/*!40000 ALTER TABLE `sys_post` DISABLE KEYS */;
INSERT INTO `sys_post` VALUES (1,'0','ÁÆ°ÁêÜÂëò',0,'0','admin','2023-12-17 15:19:45','',NULL,NULL),(4,'10001','ÊµãËØï',0,'0','admin','2023-12-19 09:06:39','',NULL,NULL);
/*!40000 ALTER TABLE `sys_post` ENABLE KEYS */;
UNLOCK TABLES;

--
-- Table structure for table `sys_role`
--

DROP TABLE IF EXISTS `sys_role`;
/*!40101 SET @saved_cs_client     = @@character_set_client */;
/*!40101 SET character_set_client = utf8 */;
CREATE TABLE `sys_role` (
  `role_id` bigint(20) NOT NULL AUTO_INCREMENT COMMENT 'ËßíËâ≤ID',
  `role_name` varchar(30) COLLATE utf8_bin NOT NULL COMMENT 'ËßíËâ≤ÂêçÁß∞',
  `role_key` varchar(100) COLLATE utf8_bin NOT NULL COMMENT 'ËßíËâ≤ÊùÉÈôêÂ≠óÁ¨¶‰∏≤',
  `role_sort` int(4) NOT NULL COMMENT 'ÊòæÁ§∫È°∫Â∫è',
  `data_scope` char(1) COLLATE utf8_bin DEFAULT '1' COMMENT 'Êï∞ÊçÆËåÉÂõ¥Ôºà1ÔºöÂÖ®ÈÉ®Êï∞ÊçÆÊùÉÈôê 2ÔºöËá™ÂÆöÊï∞ÊçÆÊùÉÈôêÔºâ',
  `status` char(1) COLLATE utf8_bin NOT NULL COMMENT 'ËßíËâ≤Áä∂ÊÄÅÔºà0Ê≠£Â∏∏ 1ÂÅúÁî®Ôºâ',
  `del_flag` char(1) COLLATE utf8_bin DEFAULT '0' COMMENT 'Âà†Èô§Ê†áÂøóÔºà0‰ª£Ë°®Â≠òÂú® 2‰ª£Ë°®Âà†Èô§Ôºâ',
  `create_by` varchar(64) COLLATE utf8_bin DEFAULT '' COMMENT 'ÂàõÂª∫ËÄÖ',
  `create_time` datetime DEFAULT NULL COMMENT 'ÂàõÂª∫Êó∂Èó¥',
  `update_by` varchar(64) COLLATE utf8_bin DEFAULT '' COMMENT 'Êõ¥Êñ∞ËÄÖ',
  `update_time` datetime DEFAULT NULL COMMENT 'Êõ¥Êñ∞Êó∂Èó¥',
  `remark` varchar(500) COLLATE utf8_bin DEFAULT NULL COMMENT 'Â§áÊ≥®',
  PRIMARY KEY (`role_id`) USING BTREE
) ENGINE=InnoDB AUTO_INCREMENT=13 DEFAULT CHARSET=utf8 COLLATE=utf8_bin ROW_FORMAT=COMPACT COMMENT='ËßíËâ≤‰ø°ÊÅØË°®';
/*!40101 SET character_set_client = @saved_cs_client */;

--
-- Dumping data for table `sys_role`
--

LOCK TABLES `sys_role` WRITE;
/*!40000 ALTER TABLE `sys_role` DISABLE KEYS */;
INSERT INTO `sys_role` VALUES (1,'ÁÆ°ÁêÜÂëò','admin',0,'1','0','0','admin','2018-03-16 11:33:00','admin','2023-12-19 04:07:28','ÁÆ°ÁêÜÂëò'),(5,'ÊïôÂ∏à','teacher',3,'1','0','0','admin','2023-12-19 04:07:13','admin','2023-12-19 04:08:40',NULL),(6,'Áè≠‰∏ª‰ªª','classleader',1,'1','0','0','admin','2023-12-18 12:49:03','admin','2023-12-19 04:07:20',NULL),(7,'Âä©Êïô','assisteacher',2,'1','0','0','admin','2023-12-19 04:08:26','admin','2023-12-19 04:08:36',NULL),(8,'ÊïôÂä° (ÈÉ®Èó®)','teacherLeader',5,'1','0','0','admin','2023-12-19 06:36:11','admin','2023-12-19 09:07:59',NULL),(10,'ÊµãËØï','test',100,'1','0','2','admin','2023-12-19 06:56:27','',NULL,NULL),(11,'‰∏ªÁÆ° (ÈÉ®Èó®)','director',6,'1','0','0','admin','2023-12-19 06:38:07','admin','2023-12-19 06:38:11',NULL),(12,'ÊµãËØï1','test1',101,'1','0','0','admin','2023-12-19 06:56:43','',NULL,NULL);
/*!40000 ALTER TABLE `sys_role` ENABLE KEYS */;
UNLOCK TABLES;

--
-- Table structure for table `sys_role_dept`
--

DROP TABLE IF EXISTS `sys_role_dept`;
/*!40101 SET @saved_cs_client     = @@character_set_client */;
/*!40101 SET character_set_client = utf8 */;
CREATE TABLE `sys_role_dept` (
  `role_id` bigint(20) NOT NULL COMMENT 'ËßíËâ≤ID',
  `dept_id` bigint(20) NOT NULL COMMENT 'ÈÉ®Èó®ID',
  PRIMARY KEY (`role_id`,`dept_id`) USING BTREE
) ENGINE=InnoDB DEFAULT CHARSET=utf8 COLLATE=utf8_bin ROW_FORMAT=COMPACT COMMENT='ËßíËâ≤ÂíåÈÉ®Èó®ÂÖ≥ËÅîË°®';
/*!40101 SET character_set_client = @saved_cs_client */;

--
-- Dumping data for table `sys_role_dept`
--

LOCK TABLES `sys_role_dept` WRITE;
/*!40000 ALTER TABLE `sys_role_dept` DISABLE KEYS */;
INSERT INTO `sys_role_dept` VALUES (4,100),(4,101),(4,104),(4,113),(4,114);
/*!40000 ALTER TABLE `sys_role_dept` ENABLE KEYS */;
UNLOCK TABLES;

--
-- Table structure for table `sys_role_menu`
--

DROP TABLE IF EXISTS `sys_role_menu`;
/*!40101 SET @saved_cs_client     = @@character_set_client */;
/*!40101 SET character_set_client = utf8 */;
CREATE TABLE `sys_role_menu` (
  `role_id` bigint(20) NOT NULL COMMENT 'ËßíËâ≤ID',
  `menu_id` bigint(20) NOT NULL COMMENT 'ËèúÂçïID',
  PRIMARY KEY (`role_id`,`menu_id`) USING BTREE
) ENGINE=InnoDB DEFAULT CHARSET=utf8 COLLATE=utf8_bin ROW_FORMAT=COMPACT COMMENT='ËßíËâ≤ÂíåËèúÂçïÂÖ≥ËÅîË°®';
/*!40101 SET character_set_client = @saved_cs_client */;

--
-- Dumping data for table `sys_role_menu`
--

LOCK TABLES `sys_role_menu` WRITE;
/*!40000 ALTER TABLE `sys_role_menu` DISABLE KEYS */;
INSERT INTO `sys_role_menu` VALUES (1,1),(1,2),(1,3),(1,100),(1,101),(1,102),(1,103),(1,104),(1,105),(1,106),(1,107),(1,108),(1,109),(1,110),(1,111),(1,112),(1,113),(1,114),(1,115),(1,500),(1,501),(1,1000),(1,1001),(1,1002),(1,1003),(1,1004),(1,1005),(1,1006),(1,1007),(1,1008),(1,1009),(1,1010),(1,1011),(1,1012),(1,1013),(1,1014),(1,1015),(1,1016),(1,1017),(1,1018),(1,1019),(1,1020),(1,1021),(1,1022),(1,1023),(1,1024),(1,1025),(1,1026),(1,1027),(1,1028),(1,1029),(1,1030),(1,1031),(1,1032),(1,1033),(1,1034),(1,1035),(1,1036),(1,1037),(1,1038),(1,1039),(1,1040),(1,1041),(1,1042),(1,1043),(1,1044),(1,1045),(1,1046),(1,1047),(1,1048),(1,1049),(1,1050),(1,1051),(1,1052),(1,1053),(1,1054),(1,1055),(1,1056),(1,1057),(1,1058),(1,1062),(1,1063),(1,1064),(1,1065),(1,1066),(1,1067),(1,1068),(1,1069),(1,1070),(1,1071),(1,1072),(1,1073),(1,1074),(1,1075),(1,1076),(1,1077),(1,1078),(1,1079),(1,1101),(1,1102),(1,1104),(1,1105),(1,1106),(1,1107),(1,1113),(1,1114),(1,1115),(1,1116),(1,1121),(1,1122),(1,1123),(1,1124),(1,1125),(1,1126),(1,1127),(1,1128),(1,1129),(1,1130),(1,1131),(1,1132),(1,1133),(1,1134),(1,1135),(1,1136),(1,1137),(1,1148),(1,1149),(1,1150),(1,1151),(1,1152),(1,1153),(1,1154),(1,1155),(1,1156),(1,1157),(1,1163),(1,1164),(1,1165),(1,1166),(1,1167),(1,1168),(1,1174),(1,1175),(1,1176),(1,1177),(1,1178),(1,1179),(1,1180),(1,1181),(1,1182),(1,1183),(1,1184),(1,1185),(1,1186),(1,1187),(1,1188),(1,1189),(1,1190),(1,1191),(1,1192),(1,1193),(1,1194),(1,1195),(1,1196),(1,1197),(1,1198),(1,1199),(1,1200),(1,1201),(1,1202),(1,1203),(1,1209),(1,1210),(1,1211),(1,1212),(1,1213),(1,1214),(1,1215),(1,1216),(1,1218),(1,1219),(1,1220),(1,1221),(1,1222),(1,1223),(1,1224),(1,1225),(1,1226),(1,1228),(1,1229),(1,1230),(1,1231),(1,1232),(1,1233),(1,1234),(1,1235),(1,1236),(1,1237),(1,1238),(1,1239),(1,1240),(1,1241),(1,1242),(1,1243),(1,1244),(1,1245),(1,1246),(1,1247),(1,1248),(1,1249),(1,1250),(1,1251),(1,1252),(1,1253),(1,1254),(1,1255),(1,1256),(1,1257),(2,1),(2,2),(2,3),(2,100),(2,101),(2,102),(2,103),(2,104),(2,105),(2,106),(2,107),(2,108),(2,109),(2,110),(2,111),(2,112),(2,113),(2,114),(2,115),(2,500),(2,501),(2,1000),(2,1001),(2,1002),(2,1003),(2,1004),(2,1005),(2,1006),(2,1007),(2,1008),(2,1009),(2,1010),(2,1011),(2,1012),(2,1013),(2,1014),(2,1015),(2,1016),(2,1017),(2,1018),(2,1019),(2,1020),(2,1021),(2,1022),(2,1023),(2,1024),(2,1025),(2,1026),(2,1027),(2,1028),(2,1029),(2,1030),(2,1031),(2,1032),(2,1033),(2,1034),(2,1035),(2,1036),(2,1037),(2,1038),(2,1039),(2,1040),(2,1041),(2,1042),(2,1043),(2,1044),(2,1045),(2,1046),(2,1047),(2,1048),(2,1049),(2,1050),(2,1051),(2,1052),(2,1053),(2,1054),(2,1055),(2,1056),(2,1057),(2,1070),(2,1071),(2,1072),(2,1073),(2,1074),(2,1075),(2,1076),(2,1077),(2,1078),(2,1079),(2,1090),(2,1091),(2,1092),(2,1093),(3,1),(3,2),(3,3),(3,100),(3,101),(3,102),(3,103),(3,104),(3,105),(3,106),(3,107),(3,108),(3,109),(3,110),(3,111),(3,112),(3,113),(3,114),(3,115),(3,500),(3,501),(3,1000),(3,1001),(3,1002),(3,1003),(3,1004),(3,1005),(3,1006),(3,1007),(3,1008),(3,1009),(3,1010),(3,1011),(3,1012),(3,1013),(3,1014),(3,1015),(3,1016),(3,1017),(3,1018),(3,1019),(3,1020),(3,1021),(3,1022),(3,1023),(3,1024),(3,1025),(3,1026),(3,1027),(3,1028),(3,1029),(3,1030),(3,1031),(3,1032),(3,1033),(3,1034),(3,1035),(3,1036),(3,1037),(3,1038),(3,1039),(3,1040),(3,1041),(3,1042),(3,1043),(3,1044),(3,1045),(3,1046),(3,1047),(3,1048),(3,1049),(3,1050),(3,1051),(3,1052),(3,1053),(3,1054),(3,1055),(3,1056),(3,1057),(3,1058),(3,1062),(3,1063),(3,1064),(3,1065),(3,1066),(3,1067),(3,1068),(3,1069),(3,1070),(3,1071),(3,1072),(3,1073),(3,1074),(3,1075),(3,1076),(3,1077),(3,1078),(3,1079),(3,1101),(3,1102),(3,1104),(3,1105),(3,1106),(3,1107),(3,1113),(3,1114),(3,1115),(3,1116),(3,1121),(3,1122),(3,1123),(3,1124),(3,1125),(3,1126),(3,1127),(3,1128),(3,1129),(3,1130),(3,1131),(3,1132),(3,1133),(3,1134),(3,1135),(3,1136),(3,1137),(3,1148),(3,1149),(3,1150),(3,1151),(3,1152),(3,1153),(3,1154),(3,1155),(3,1156),(3,1157),(3,1163),(3,1164),(3,1165),(3,1166),(3,1167),(3,1168),(3,1174),(3,1175),(3,1176),(3,1180),(3,1181),(3,1182),(3,1183),(3,1184),(3,1185),(3,1186),(3,1187),(3,1188),(3,1189),(3,1190),(3,1191),(3,1192),(3,1209),(3,1210),(3,1211),(3,1212),(3,1213),(3,1214),(3,1215),(3,1216),(3,1218),(3,1219),(3,1220),(3,1221),(3,1222),(3,1223),(3,1224),(3,1225),(3,1226),(3,1228),(3,1229),(3,1230),(3,1231),(3,1232),(3,1233),(3,1234),(3,1235),(3,1236),(3,1237),(3,1238),(3,1239),(3,1240),(3,1241),(3,1242),(3,1243),(3,1244),(3,1245),(3,1246),(3,1247),(3,1248),(3,1249),(3,1250),(3,1251),(3,1252),(3,1253),(3,1254),(3,1255),(3,1256),(3,1257),(4,1058),(4,1063),(4,1064),(4,1065),(4,1066),(4,1067),(4,1068),(4,1069),(4,1101),(4,1102),(4,1104),(4,1105),(4,1106),(4,1107),(4,1113),(4,1114),(4,1115),(4,1116),(4,1121),(4,1122),(4,1123),(4,1124),(4,1125),(4,1126),(4,1127),(4,1128),(4,1129),(4,1130),(4,1131),(4,1132),(4,1133),(4,1134),(4,1135),(4,1136),(4,1137),(4,1148),(4,1149),(4,1150),(4,1151),(4,1152),(4,1153),(4,1154),(4,1155),(4,1156),(4,1157),(4,1163),(4,1164),(4,1165),(4,1166),(4,1167),(4,1168),(4,1180),(4,1181),(4,1182),(4,1183),(4,1184),(4,1209),(4,1210),(4,1211),(4,1212),(4,1213),(5,1),(5,2),(5,3),(5,103),(5,109),(5,110),(5,111),(5,112),(5,113),(5,114),(5,115),(5,1016),(5,1046),(5,1047),(5,1048),(5,1049),(5,1050),(5,1051),(5,1052),(5,1053),(5,1054),(5,1055),(5,1056),(5,1057),(5,1058),(5,1062),(5,1063),(5,1064),(5,1065),(5,1066),(5,1068),(5,1069),(5,1070),(5,1071),(5,1072),(5,1073),(5,1074),(5,1076),(5,1077),(5,1078),(5,1079),(5,1101),(5,1102),(5,1104),(5,1105),(5,1106),(5,1107),(5,1113),(5,1121),(5,1125),(5,1129),(5,1133),(5,1134),(5,1135),(5,1136),(5,1137),(5,1148),(5,1149),(5,1153),(5,1154),(5,1155),(5,1156),(5,1157),(5,1163),(5,1164),(5,1165),(5,1166),(5,1167),(5,1168),(5,1174),(5,1175),(5,1176),(5,1177),(5,1178),(5,1179),(5,1180),(5,1181),(5,1185),(5,1186),(5,1187),(5,1188),(5,1189),(5,1190),(5,1191),(5,1192),(5,1193),(5,1197),(5,1201),(5,1209),(5,1210),(5,1211),(5,1212),(5,1213),(5,1215),(5,1216),(5,1218),(5,1219),(5,1220),(5,1222),(5,1223),(5,1228),(5,1229),(5,1231),(5,1232),(5,1233),(5,1234),(5,1235),(5,1236),(5,1237),(5,1238),(5,1239),(5,1240),(5,1243),(5,1244),(5,1245),(5,1246),(5,1247),(5,1248),(5,1249),(5,1250),(5,1251),(5,1252),(5,1253),(5,1254),(5,1255),(5,1256),(6,1),(6,103),(6,107),(6,1016),(6,1035),(6,1058),(6,1062),(6,1063),(6,1064),(6,1069),(6,1101),(6,1102),(6,1104),(6,1105),(6,1106),(6,1107),(6,1113),(6,1121),(6,1125),(6,1129),(6,1133),(6,1134),(6,1135),(6,1136),(6,1137),(6,1148),(6,1149),(6,1150),(6,1151),(6,1152),(6,1153),(6,1154),(6,1155),(6,1156),(6,1157),(6,1177),(6,1178),(6,1179),(6,1180),(6,1181),(6,1182),(6,1183),(6,1184),(6,1193),(6,1197),(6,1201),(6,1209),(6,1210),(6,1215),(6,1216),(6,1218),(6,1219),(6,1220),(6,1221),(6,1222),(6,1223),(6,1226),(6,1231),(6,1232),(6,1233),(6,1234),(6,1235),(6,1236),(6,1237),(6,1238),(6,1239),(7,1058),(7,1062),(7,1063),(7,1064),(7,1069),(7,1101),(7,1102),(7,1104),(7,1105),(7,1106),(7,1107),(7,1113),(7,1121),(7,1125),(7,1129),(7,1133),(7,1134),(7,1135),(7,1136),(7,1137),(7,1148),(7,1149),(7,1150),(7,1151),(7,1152),(7,1153),(7,1154),(7,1155),(7,1156),(7,1157),(7,1177),(7,1178),(7,1179),(7,1180),(7,1181),(7,1182),(7,1183),(7,1184),(7,1193),(7,1197),(7,1201),(7,1209),(7,1210),(7,1215),(7,1216),(7,1218),(7,1219),(7,1220),(7,1222),(7,1223),(7,1226),(7,1231),(7,1232),(7,1233),(7,1234),(7,1235),(7,1236),(7,1237),(7,1238),(7,1239),(8,1),(8,2),(8,100),(8,103),(8,108),(8,111),(8,112),(8,500),(8,501),(8,1000),(8,1001),(8,1002),(8,1006),(8,1016),(8,1039),(8,1041),(8,1042),(8,1043),(8,1045),(8,1058),(8,1062),(8,1063),(8,1064),(8,1065),(8,1066),(8,1067),(8,1068),(8,1069),(8,1101),(8,1102),(8,1104),(8,1105),(8,1106),(8,1107),(8,1113),(8,1114),(8,1115),(8,1116),(8,1121),(8,1122),(8,1123),(8,1124),(8,1125),(8,1129),(8,1130),(8,1131),(8,1132),(8,1133),(8,1134),(8,1135),(8,1136),(8,1137),(8,1148),(8,1149),(8,1150),(8,1151),(8,1152),(8,1153),(8,1154),(8,1155),(8,1156),(8,1157),(8,1174),(8,1175),(8,1176),(8,1177),(8,1178),(8,1179),(8,1180),(8,1181),(8,1182),(8,1183),(8,1184),(8,1185),(8,1189),(8,1193),(8,1197),(8,1201),(8,1209),(8,1210),(8,1211),(8,1212),(8,1213),(8,1214),(8,1215),(8,1216),(8,1218),(8,1219),(8,1220),(8,1221),(8,1222),(8,1223),(8,1225),(8,1226),(8,1228),(8,1230),(8,1231),(8,1232),(8,1233),(8,1234),(8,1235),(8,1236),(8,1237),(8,1238),(8,1239),(8,1240),(8,1241),(8,1242),(9,1),(9,2),(9,100),(9,101),(9,102),(9,103),(9,104),(9,105),(9,106),(9,107),(9,108),(9,109),(9,110),(9,111),(9,112),(9,500),(9,501),(9,1000),(9,1001),(9,1002),(9,1003),(9,1004),(9,1005),(9,1007),(9,1008),(9,1009),(9,1010),(9,1011),(9,1012),(9,1013),(9,1014),(9,1015),(9,1016),(9,1017),(9,1018),(9,1019),(9,1020),(9,1021),(9,1022),(9,1023),(9,1024),(9,1025),(9,1026),(9,1027),(9,1028),(9,1029),(9,1030),(9,1035),(9,1036),(9,1037),(9,1038),(9,1039),(9,1041),(9,1042),(9,1043),(9,1045),(9,1046),(9,1047),(9,1048),(9,1049),(9,1050),(9,1051),(9,1052),(9,1053),(9,1054),(9,1055),(9,1058),(9,1062),(9,1063),(9,1064),(9,1068),(9,1069),(9,1075),(9,1101),(9,1102),(9,1104),(9,1105),(9,1106),(9,1107),(9,1113),(9,1121),(9,1122),(9,1123),(9,1124),(9,1125),(9,1129),(9,1130),(9,1131),(9,1132),(9,1133),(9,1134),(9,1135),(9,1136),(9,1137),(9,1148),(9,1149),(9,1150),(9,1151),(9,1152),(9,1153),(9,1154),(9,1155),(9,1156),(9,1157),(9,1163),(9,1164),(9,1165),(9,1166),(9,1167),(9,1168),(9,1174),(9,1175),(9,1176),(9,1177),(9,1178),(9,1179),(9,1180),(9,1181),(9,1182),(9,1183),(9,1184),(9,1185),(9,1186),(9,1187),(9,1188),(9,1189),(9,1190),(9,1191),(9,1192),(9,1193),(9,1194),(9,1195),(9,1196),(9,1197),(9,1198),(9,1199),(9,1200),(9,1201),(9,1202),(9,1203),(9,1209),(9,1210),(9,1215),(9,1221),(9,1222),(9,1223),(9,1226),(9,1228),(9,1229),(9,1231),(9,1232),(9,1233),(9,1234),(9,1235),(9,1236),(9,1237),(9,1238),(9,1239),(9,1240),(9,1241),(10,1),(10,2),(10,3),(10,100),(10,101),(10,102),(10,103),(10,104),(10,105),(10,106),(10,107),(10,108),(10,109),(10,110),(10,111),(10,112),(10,113),(10,114),(10,115),(10,500),(10,501),(10,1000),(10,1001),(10,1002),(10,1003),(10,1004),(10,1005),(10,1006),(10,1007),(10,1008),(10,1009),(10,1010),(10,1011),(10,1012),(10,1013),(10,1014),(10,1015),(10,1016),(10,1017),(10,1018),(10,1019),(10,1020),(10,1021),(10,1022),(10,1023),(10,1024),(10,1025),(10,1026),(10,1027),(10,1028),(10,1029),(10,1030),(10,1031),(10,1032),(10,1033),(10,1034),(10,1035),(10,1036),(10,1037),(10,1038),(10,1039),(10,1040),(10,1041),(10,1042),(10,1043),(10,1044),(10,1045),(10,1046),(10,1047),(10,1048),(10,1049),(10,1050),(10,1051),(10,1052),(10,1053),(10,1054),(10,1055),(10,1056),(10,1057),(10,1058),(10,1062),(10,1063),(10,1064),(10,1065),(10,1066),(10,1067),(10,1068),(10,1069),(10,1070),(10,1071),(10,1072),(10,1073),(10,1074),(10,1075),(10,1076),(10,1077),(10,1078),(10,1079),(10,1101),(10,1102),(10,1104),(10,1105),(10,1106),(10,1107),(10,1113),(10,1114),(10,1115),(10,1116),(10,1121),(10,1122),(10,1123),(10,1124),(10,1125),(10,1126),(10,1127),(10,1128),(10,1129),(10,1130),(10,1131),(10,1132),(10,1133),(10,1134),(10,1135),(10,1136),(10,1137),(10,1148),(10,1149),(10,1150),(10,1151),(10,1152),(10,1153),(10,1154),(10,1155),(10,1156),(10,1157),(10,1163),(10,1164),(10,1165),(10,1166),(10,1167),(10,1168),(10,1174),(10,1175),(10,1176),(10,1177),(10,1178),(10,1179),(10,1180),(10,1181),(10,1182),(10,1183),(10,1184),(10,1185),(10,1186),(10,1187),(10,1188),(10,1189),(10,1190),(10,1191),(10,1192),(10,1193),(10,1194),(10,1195),(10,1196),(10,1197),(10,1198),(10,1199),(10,1200),(10,1201),(10,1202),(10,1203),(10,1209),(10,1210),(10,1211),(10,1212),(10,1213),(10,1214),(10,1215),(10,1216),(10,1218),(10,1219),(10,1220),(10,1221),(10,1222),(10,1223),(10,1224),(10,1225),(10,1226),(10,1228),(10,1229),(10,1230),(10,1231),(10,1232),(10,1233),(10,1234),(10,1235),(10,1236),(10,1237),(10,1238),(10,1239),(10,1240),(10,1241),(10,1242),(11,1058),(11,1062),(11,1063),(11,1064),(11,1065),(11,1066),(11,1067),(11,1068),(11,1069),(11,1101),(11,1102),(11,1104),(11,1105),(11,1106),(11,1107),(11,1113),(11,1121),(11,1125),(11,1129),(11,1130),(11,1131),(11,1132),(11,1133),(11,1134),(11,1135),(11,1136),(11,1137),(11,1148),(11,1149),(11,1150),(11,1151),(11,1152),(11,1153),(11,1154),(11,1155),(11,1156),(11,1157),(11,1163),(11,1164),(11,1165),(11,1166),(11,1167),(11,1168),(11,1174),(11,1175),(11,1176),(11,1177),(11,1178),(11,1179),(11,1180),(11,1181),(11,1182),(11,1183),(11,1184),(11,1185),(11,1189),(11,1193),(11,1197),(11,1201),(11,1209),(11,1210),(11,1211),(11,1212),(11,1213),(11,1214),(11,1215),(11,1216),(11,1218),(11,1219),(11,1220),(11,1221),(11,1222),(11,1223),(11,1224),(11,1226),(11,1228),(11,1229),(11,1231),(11,1232),(11,1233),(11,1234),(11,1235),(11,1236),(11,1237),(11,1238),(11,1239),(11,1240),(11,1241),(11,1242),(11,1243),(12,1058),(12,1062),(12,1063),(12,1064),(12,1065),(12,1066),(12,1067),(12,1068),(12,1069),(12,1090),(12,1091),(12,1092),(12,1093),(12,1101),(12,1102),(12,1104),(12,1105),(12,1106),(12,1107),(12,1113),(12,1114),(12,1115),(12,1116),(12,1121),(12,1122),(12,1123),(12,1124),(12,1125),(12,1126),(12,1127),(12,1128),(12,1129),(12,1130),(12,1131),(12,1132),(12,1133),(12,1134),(12,1135),(12,1136),(12,1137),(12,1148),(12,1149),(12,1150),(12,1151),(12,1152),(12,1153),(12,1154),(12,1155),(12,1156),(12,1157),(12,1163),(12,1164),(12,1165),(12,1166),(12,1167),(12,1168),(12,1177),(12,1178),(12,1179),(12,1180),(12,1181),(12,1182),(12,1183),(12,1184),(12,1193),(12,1194),(12,1195),(12,1196),(12,1197),(12,1198),(12,1199),(12,1200),(12,1201),(12,1202),(12,1203),(12,1209),(12,1210),(12,1211),(12,1212),(12,1213),(12,1214),(12,1215),(12,1216),(12,1218),(12,1219),(12,1220),(12,1221),(12,1222),(12,1223),(12,1224),(12,1225),(12,1226),(12,1228),(12,1229),(12,1230),(12,1231),(12,1232),(12,1233),(12,1234),(12,1235),(12,1236),(12,1237),(12,1238),(12,1239),(12,1240),(12,1241),(12,1242),(12,1243),(12,1244),(12,1245),(12,1246),(12,1247),(12,1248),(12,1249),(12,1250),(12,1251),(12,1252),(12,1253),(12,1254),(12,1255),(12,1256),(12,1257);
/*!40000 ALTER TABLE `sys_role_menu` ENABLE KEYS */;
UNLOCK TABLES;

--
-- Table structure for table `sys_user`
--

DROP TABLE IF EXISTS `sys_user`;
/*!40101 SET @saved_cs_client     = @@character_set_client */;
/*!40101 SET character_set_client = utf8 */;
CREATE TABLE `sys_user` (
  `user_id` bigint(20) NOT NULL AUTO_INCREMENT COMMENT 'Áî®Êà∑ID',
  `dept_id` bigint(20) DEFAULT NULL COMMENT 'ÈÉ®Èó®ID',
  `login_name` varchar(30) COLLATE utf8_bin NOT NULL COMMENT 'ÁôªÂΩïË¥¶Âè∑',
  `user_name` varchar(30) COLLATE utf8_bin NOT NULL COMMENT 'Áî®Êà∑ÊòµÁß∞',
  `user_type` varchar(2) COLLATE utf8_bin DEFAULT '00' COMMENT 'Áî®Êà∑Á±ªÂûãÔºà00Á≥ªÁªüÁî®Êà∑Ôºâ',
  `email` varchar(50) COLLATE utf8_bin DEFAULT '' COMMENT 'Áî®Êà∑ÈÇÆÁÆ±',
  `phonenumber` varchar(11) COLLATE utf8_bin DEFAULT '' COMMENT 'ÊâãÊú∫Âè∑Á†Å',
  `sex` char(1) COLLATE utf8_bin DEFAULT '0' COMMENT 'Áî®Êà∑ÊÄßÂà´Ôºà0Áî∑ 1Â•≥ 2Êú™Áü•Ôºâ',
  `avatar` varchar(100) COLLATE utf8_bin DEFAULT '' COMMENT 'Â§¥ÂÉèË∑ØÂæÑ',
  `password` varchar(50) COLLATE utf8_bin DEFAULT '' COMMENT 'ÂØÜÁ†Å',
  `salt` varchar(20) COLLATE utf8_bin DEFAULT '' COMMENT 'ÁõêÂä†ÂØÜ',
  `status` char(1) COLLATE utf8_bin DEFAULT '0' COMMENT 'Â∏êÂè∑Áä∂ÊÄÅÔºà0Ê≠£Â∏∏ 1ÂÅúÁî®Ôºâ',
  `del_flag` char(1) COLLATE utf8_bin DEFAULT '0' COMMENT 'Âà†Èô§Ê†áÂøóÔºà0‰ª£Ë°®Â≠òÂú® 2‰ª£Ë°®Âà†Èô§Ôºâ',
  `login_ip` varchar(50) COLLATE utf8_bin DEFAULT '' COMMENT 'ÊúÄÂêéÁôªÈôÜIP',
  `login_date` datetime DEFAULT NULL COMMENT 'ÊúÄÂêéÁôªÈôÜÊó∂Èó¥',
  `create_by` varchar(64) COLLATE utf8_bin DEFAULT '' COMMENT 'ÂàõÂª∫ËÄÖ',
  `create_time` datetime DEFAULT NULL COMMENT 'ÂàõÂª∫Êó∂Èó¥',
  `update_by` varchar(64) COLLATE utf8_bin DEFAULT '' COMMENT 'Êõ¥Êñ∞ËÄÖ',
  `update_time` datetime DEFAULT NULL COMMENT 'Êõ¥Êñ∞Êó∂Èó¥',
  `remark` varchar(500) COLLATE utf8_bin DEFAULT '' COMMENT 'Â§áÊ≥®',
  PRIMARY KEY (`user_id`) USING BTREE
) ENGINE=InnoDB AUTO_INCREMENT=236 DEFAULT CHARSET=utf8 COLLATE=utf8_bin ROW_FORMAT=COMPACT COMMENT='Áî®Êà∑‰ø°ÊÅØË°®';
/*!40101 SET character_set_client = @saved_cs_client */;

--
-- Dumping data for table `sys_user`
--

LOCK TABLES `sys_user` WRITE;
/*!40000 ALTER TABLE `sys_user` DISABLE KEYS */;
INSERT INTO `sys_user` VALUES (1,100,'admin','Ë∂ÖÁ∫ßÁÆ°ÁêÜÂëò','00','admin@fosu.edu.cn','15888888888','0','','6d608f44b8f8eee8edda770a55dcd6fb','d48c8c','0','0','127.0.0.1','2023-12-20 02:15:05','admin','2023-12-17 10:20:33','ry','2023-12-19 18:15:05','ÁÆ°ÁêÜÂëò'),(226,146,'zouxiujie','ÈÇπ‰øÆÊ¥Å','00','zouxiujie@qq.com','13800138000','0','','21aeb17d9d8c16b5cbaf69837cb7dfd8','a70981','0','0','',NULL,'admin','2023-12-17 10:20:33','',NULL,''),(227,149,'denglicheng','ÈÇìÁ´ãËØö','00','denglicheng@qq.com','13800138001','0','','bb5dd5c55f356488bd060dcebe221d4b','cff053','0','0','',NULL,'admin','2023-12-17 10:20:33','',NULL,''),(228,149,'zhangli','Âº†‰∏Ω','00','zhangli@fosu.edu','13800138002','1','','4c80cf26c9a32848d0d59bef448a8af7','61c87a','0','0','',NULL,'admin','2023-12-17 10:20:33','',NULL,''),(229,147,'zhangqinghua','Âº†Ê∏ÖÂçé','00','zqh@qq.com','13822183333','0','','71207060d9591ef3fbc2762296dcf9c0','72ce8e','0','0','',NULL,'admin','2023-12-17 10:20:33','admin',NULL,''),(230,147,'liuqian','Êü≥ÊµÖ','00','liuqian@qq.com','18818818888','1','','b14d65988b958830441bdabbf3326c17','24232c','0','0','',NULL,'admin','2023-12-17 10:20:33','',NULL,''),(231,154,'test1','ÊµãËØï1','00','test@qq.com','13800138010','0','','7f341ea754cc6f719bdc22c4bd5d63bd','1aca0e','0','0','',NULL,'admin','2023-12-17 10:20:33','',NULL,''),(232,154,'test2','ÊµãËØï2','00','test2@qq.com','13800138011','0','','b9a3742ee49930d1f226a6d310bd7a71','760bac','0','0','',NULL,'admin','2023-12-17 10:20:33','admin',NULL,''),(233,154,'test3','ÊµãËØï3','00','test3@qq.com','13800138012','0','','a334ac975f469b130ebaaa88de8fc37c','e88402','0','0','',NULL,'admin','2023-12-17 10:20:33','',NULL,''),(234,154,'test4','ÊµãËØï4','00','test4@qq.com','13800138013','0','','509d29de53401f711dc9f91a3b242d88','363128','0','0','',NULL,'admin','2023-12-17 10:20:33','',NULL,''),(235,154,'test5','ÊµãËØï5','00','test5@qq.com','13800138014','0','','71003e0ee00b8bec93a324dd80d6f30c','04ad80','0','0','',NULL,'admin','2023-12-17 10:20:33','',NULL,'');
/*!40000 ALTER TABLE `sys_user` ENABLE KEYS */;
UNLOCK TABLES;

--
-- Table structure for table `sys_user_online`
--

DROP TABLE IF EXISTS `sys_user_online`;
/*!40101 SET @saved_cs_client     = @@character_set_client */;
/*!40101 SET character_set_client = utf8 */;
CREATE TABLE `sys_user_online` (
  `sessionId` varchar(50) COLLATE utf8_bin NOT NULL DEFAULT '' COMMENT 'Áî®Êà∑‰ºöËØùid',
  `login_name` varchar(50) COLLATE utf8_bin DEFAULT '' COMMENT 'ÁôªÂΩïË¥¶Âè∑',
  `dept_name` varchar(50) COLLATE utf8_bin DEFAULT '' COMMENT 'ÈÉ®Èó®ÂêçÁß∞',
  `ipaddr` varchar(50) COLLATE utf8_bin DEFAULT '' COMMENT 'ÁôªÂΩïIPÂú∞ÂùÄ',
  `login_location` varchar(255) COLLATE utf8_bin DEFAULT '' COMMENT 'ÁôªÂΩïÂú∞ÁÇπ',
  `browser` varchar(50) COLLATE utf8_bin DEFAULT '' COMMENT 'ÊµèËßàÂô®Á±ªÂûã',
  `os` varchar(50) COLLATE utf8_bin DEFAULT '' COMMENT 'Êìç‰ΩúÁ≥ªÁªü',
  `status` varchar(10) COLLATE utf8_bin DEFAULT '' COMMENT 'Âú®Á∫øÁä∂ÊÄÅon_lineÂú®Á∫øoff_lineÁ¶ªÁ∫ø',
  `start_timestamp` datetime DEFAULT NULL COMMENT 'sessionÂàõÂª∫Êó∂Èó¥',
  `last_access_time` datetime DEFAULT NULL COMMENT 'sessionÊúÄÂêéËÆøÈóÆÊó∂Èó¥',
  `expire_time` int(5) DEFAULT '0' COMMENT 'Ë∂ÖÊó∂Êó∂Èó¥ÔºåÂçï‰Ωç‰∏∫ÂàÜÈíü',
  PRIMARY KEY (`sessionId`) USING BTREE
) ENGINE=InnoDB DEFAULT CHARSET=utf8 COLLATE=utf8_bin ROW_FORMAT=COMPACT COMMENT='Âú®Á∫øÁî®Êà∑ËÆ∞ÂΩï';
/*!40101 SET character_set_client = @saved_cs_client */;

--
-- Dumping data for table `sys_user_online`
--

LOCK TABLES `sys_user_online` WRITE;
/*!40000 ALTER TABLE `sys_user_online` DISABLE KEYS */;
INSERT INTO `sys_user_online` VALUES ('05e7ebce-def6-4df7-a19d-5d718c1664fc','admin','Êô∫ËΩØÁßëÊäÄÊïôËÇ≤ÊúâÈôêÂÖ¨Âè∏ (ÊÄªÈÉ®)','127.0.0.1','ÂÜÖÁΩëIP','Firefox 11','Windows 10','on_line','2023-12-20 02:14:59','2023-12-20 02:30:39',1800000);
/*!40000 ALTER TABLE `sys_user_online` ENABLE KEYS */;
UNLOCK TABLES;

--
-- Table structure for table `sys_user_post`
--

DROP TABLE IF EXISTS `sys_user_post`;
/*!40101 SET @saved_cs_client     = @@character_set_client */;
/*!40101 SET character_set_client = utf8 */;
CREATE TABLE `sys_user_post` (
  `user_id` bigint(20) NOT NULL COMMENT 'Áî®Êà∑ID',
  `post_id` bigint(20) NOT NULL COMMENT 'Â≤ó‰ΩçID',
  PRIMARY KEY (`user_id`,`post_id`) USING BTREE
) ENGINE=InnoDB DEFAULT CHARSET=utf8 COLLATE=utf8_bin ROW_FORMAT=COMPACT COMMENT='Áî®Êà∑‰∏éÂ≤ó‰ΩçÂÖ≥ËÅîË°®';
/*!40101 SET character_set_client = @saved_cs_client */;

--
-- Dumping data for table `sys_user_post`
--

LOCK TABLES `sys_user_post` WRITE;
/*!40000 ALTER TABLE `sys_user_post` DISABLE KEYS */;
INSERT INTO `sys_user_post` VALUES (1,1);
/*!40000 ALTER TABLE `sys_user_post` ENABLE KEYS */;
UNLOCK TABLES;

--
-- Table structure for table `sys_user_role`
--

DROP TABLE IF EXISTS `sys_user_role`;
/*!40101 SET @saved_cs_client     = @@character_set_client */;
/*!40101 SET character_set_client = utf8 */;
CREATE TABLE `sys_user_role` (
  `user_id` bigint(20) NOT NULL COMMENT 'Áî®Êà∑ID',
  `role_id` bigint(20) NOT NULL COMMENT 'ËßíËâ≤ID',
  PRIMARY KEY (`user_id`,`role_id`) USING BTREE
) ENGINE=InnoDB DEFAULT CHARSET=utf8 COLLATE=utf8_bin ROW_FORMAT=COMPACT COMMENT='Áî®Êà∑ÂíåËßíËâ≤ÂÖ≥ËÅîË°®';
/*!40101 SET character_set_client = @saved_cs_client */;

--
-- Dumping data for table `sys_user_role`
--

LOCK TABLES `sys_user_role` WRITE;
/*!40000 ALTER TABLE `sys_user_role` DISABLE KEYS */;
INSERT INTO `sys_user_role` VALUES (1,1),(226,5),(227,5),(228,6),(229,8),(229,11),(230,7);
/*!40000 ALTER TABLE `sys_user_role` ENABLE KEYS */;
UNLOCK TABLES;

--
-- Table structure for table `teach_assess_month`
--

DROP TABLE IF EXISTS `teach_assess_month`;
/*!40101 SET @saved_cs_client     = @@character_set_client */;
/*!40101 SET character_set_client = utf8 */;
CREATE TABLE `teach_assess_month` (
  `id` int(11) NOT NULL AUTO_INCREMENT COMMENT 'ÊúàÂ∫¶ËÄÉÊ†∏Ê†áÂáÜID',
  `assess_month` varchar(10) COLLATE utf8_bin DEFAULT NULL COMMENT 'ËÄÉÊ†∏Êúà‰ªΩ',
  `class_id` int(11) DEFAULT NULL COMMENT 'Áè≠Á∫ßÁºñÂè∑',
  `attendance_one` varchar(10) COLLATE utf8_bin DEFAULT NULL COMMENT 'ËÄÉÂã§Â§ß‰∫éÁ≠â‰∫é',
  `attendance_one_standard` varchar(10) COLLATE utf8_bin DEFAULT NULL COMMENT 'ËÆ°ÁÆóÊ†áÂáÜ',
  `attendance_two` varchar(20) COLLATE utf8_bin DEFAULT NULL COMMENT 'ËÄÉÂã§Â§ß‰∫éÁ≠â‰∫é-ËÄÉÂã§Â∞è‰∫éÔºà‰∏§‰∏™ÂÄºÔºå‰∏≠Èó¥Áî®-ÈöîÂºÄÔºâ',
  `attendance_two_standard` varchar(10) COLLATE utf8_bin DEFAULT NULL COMMENT 'ËÆ°ÁÆóÊ†áÂáÜ',
  `attendance_three` varchar(10) COLLATE utf8_bin DEFAULT NULL COMMENT 'ËÄÉÂã§Â∞è‰∫é',
  `attendance_three_standard` varchar(10) COLLATE utf8_bin DEFAULT NULL COMMENT 'ËÆ°ÁÆóÊ†áÂáÜ',
  `exam_one` varchar(10) COLLATE utf8_bin DEFAULT NULL COMMENT 'ËÄÉËØïÂ§ß‰∫éÁ≠â‰∫é',
  `exam_one_standard` varchar(10) COLLATE utf8_bin DEFAULT NULL COMMENT 'ËÆ°ÁÆóÊ†áÂáÜ',
  `exam_two` varchar(20) COLLATE utf8_bin DEFAULT NULL COMMENT 'ËÄÉËØïÂ§ß‰∫éÁ≠â‰∫é-ËÄÉËØïÂ∞è‰∫éÔºà‰∏§‰∏™ÂÄºÔºå‰∏≠Èó¥Áî®-ÈöîÂºÄÔºâ',
  `exam_two_standard` varchar(10) COLLATE utf8_bin DEFAULT NULL COMMENT 'ËÆ°ÁÆóÊ†áÂáÜ',
  `exam_three` varchar(10) COLLATE utf8_bin DEFAULT NULL COMMENT 'ËÄÉËØïÂ∞è‰∫é',
  `exam_three_standard` varchar(10) COLLATE utf8_bin DEFAULT NULL COMMENT 'ËÆ°ÁÆóÊ†áÂáÜ',
  `task_one` varchar(10) COLLATE utf8_bin DEFAULT NULL COMMENT '‰Ωú‰∏öÂ§ß‰∫éÁ≠â‰∫é',
  `task_one_standard` varchar(10) COLLATE utf8_bin DEFAULT NULL COMMENT 'ËÆ°ÁÆóÊ†áÂáÜ',
  `task_two` varchar(20) COLLATE utf8_bin DEFAULT NULL COMMENT '‰Ωú‰∏öÂ§ß‰∫éÁ≠â‰∫é-‰Ωú‰∏öÂ∞è‰∫éÔºà‰∏§‰∏™ÂÄºÔºå‰∏≠Èó¥Áî®-ÈöîÂºÄÔºâ',
  `task_two_standard` varchar(10) COLLATE utf8_bin DEFAULT NULL COMMENT 'ËÆ°ÁÆóÊ†áÂáÜ',
  `task_three` varchar(10) COLLATE utf8_bin DEFAULT NULL COMMENT '‰Ωú‰∏öÂ∞è‰∫é',
  `task_three_standard` varchar(10) COLLATE utf8_bin DEFAULT NULL COMMENT 'ËÆ°ÁÆóÊ†áÂáÜ',
  `subject_one` varchar(255) COLLATE utf8_bin DEFAULT NULL COMMENT 'È°πÁõÆÂ§ß‰∫éÁ≠â‰∫é',
  `subject_one_standard` varchar(255) COLLATE utf8_bin DEFAULT NULL COMMENT 'ËÆ°ÁÆóÊ†áÂáÜ',
  `subject_two` varchar(255) COLLATE utf8_bin DEFAULT NULL COMMENT 'È°πÁõÆÂ§ß‰∫éÁ≠â‰∫é-È°πÁõÆÂ∞è‰∫éÔºà‰∏§‰∏™ÂÄºÔºå‰∏≠Èó¥Áî®-ÈöîÂºÄÔºâ',
  `subject_two_standard` varchar(255) COLLATE utf8_bin DEFAULT NULL COMMENT 'ËÆ°ÁÆóÊ†áÂáÜ',
  `subject_three` varchar(255) COLLATE utf8_bin DEFAULT NULL COMMENT 'È°πÁõÆÂ∞è‰∫é',
  `subject_three_standard` varchar(255) COLLATE utf8_bin DEFAULT NULL COMMENT 'ËÆ°ÁÆóÊ†áÂáÜ',
  PRIMARY KEY (`id`) USING BTREE
) ENGINE=InnoDB AUTO_INCREMENT=5 DEFAULT CHARSET=utf8 COLLATE=utf8_bin ROW_FORMAT=COMPACT COMMENT='ÊúàÂ∫¶ËÄÉÊ†∏Ê†áÂáÜ';
/*!40101 SET character_set_client = @saved_cs_client */;

--
-- Dumping data for table `teach_assess_month`
--

LOCK TABLES `teach_assess_month` WRITE;
/*!40000 ALTER TABLE `teach_assess_month` DISABLE KEYS */;
/*!40000 ALTER TABLE `teach_assess_month` ENABLE KEYS */;
UNLOCK TABLES;

--
-- Table structure for table `teach_assessment_criterion`
--

DROP TABLE IF EXISTS `teach_assessment_criterion`;
/*!40101 SET @saved_cs_client     = @@character_set_client */;
/*!40101 SET character_set_client = utf8 */;
CREATE TABLE `teach_assessment_criterion` (
  `assess_id` int(11) NOT NULL AUTO_INCREMENT COMMENT 'ËÄÉÊ†∏Ê†áÂáÜID',
  `school_id` int(11) DEFAULT NULL COMMENT 'Ê†°Âå∫ÁºñÂè∑',
  `character_no` int(11) DEFAULT NULL COMMENT 'ËßíËâ≤ÁºñÂè∑',
  `assess_proportion` varchar(10) COLLATE utf8_bin DEFAULT NULL COMMENT 'ËÄÉÊ†∏Âç†ÂàÜÊØî',
  PRIMARY KEY (`assess_id`) USING BTREE
) ENGINE=InnoDB AUTO_INCREMENT=2 DEFAULT CHARSET=utf8 COLLATE=utf8_bin ROW_FORMAT=COMPACT COMMENT='ËÄÉÊ†∏Ê†áÂáÜË°®';
/*!40101 SET character_set_client = @saved_cs_client */;

--
-- Dumping data for table `teach_assessment_criterion`
--

LOCK TABLES `teach_assessment_criterion` WRITE;
/*!40000 ALTER TABLE `teach_assessment_criterion` DISABLE KEYS */;
INSERT INTO `teach_assessment_criterion` VALUES (1,149,6,'50');
/*!40000 ALTER TABLE `teach_assessment_criterion` ENABLE KEYS */;
UNLOCK TABLES;

--
-- Table structure for table `teach_attendance`
--

DROP TABLE IF EXISTS `teach_attendance`;
/*!40101 SET @saved_cs_client     = @@character_set_client */;
/*!40101 SET character_set_client = utf8 */;
CREATE TABLE `teach_attendance` (
  `attendance_id` int(11) NOT NULL COMMENT 'ËÄÉÂã§ID',
  `class_id` int(11) DEFAULT NULL COMMENT 'Áè≠Á∫ßÁºñÂè∑',
  `teacher_id` int(11) DEFAULT NULL COMMENT '‰∏äËØæËÄÅÂ∏àÁºñÂè∑',
  `attendance_datetime` date DEFAULT NULL COMMENT 'ËÄÉÂã§Êó•Êúü',
  `attendance_period` varchar(20) COLLATE utf8_bin DEFAULT NULL COMMENT 'ËÄÉÂã§Êó∂ÊÆµ',
  `classroom` varchar(30) COLLATE utf8_bin DEFAULT NULL COMMENT 'ÊïôÂÆ§',
  `lesson` int(11) DEFAULT NULL COMMENT 'ËØæÁ®ãÁºñÂè∑',
  `attendancenum` int(3) DEFAULT NULL COMMENT 'Ê≠£Â∏∏Âá∫Âã§‰∫∫Êï∞',
  `leavenum` int(3) DEFAULT NULL COMMENT 'ËØ∑ÂÅá‰∫∫Êï∞',
  `truancynum` int(3) DEFAULT NULL COMMENT 'Êó∑ËØæ‰∫∫Êï∞',
  `latenum` int(3) DEFAULT NULL COMMENT 'ËøüÂà∞‰∫∫Êï∞',
  `leaveearlynum` int(3) DEFAULT NULL COMMENT 'Êó©ÈÄÄ‰∫∫Êï∞',
  `studentnum` int(3) DEFAULT NULL COMMENT 'Áè≠Á∫ßÊÄª‰∫∫Êï∞',
  `class_attendance` varchar(20) COLLATE utf8_bin DEFAULT NULL COMMENT 'Áè≠Á∫ßÊ≠£Â∏∏Âá∫Âã§Áéá',
  PRIMARY KEY (`attendance_id`) USING BTREE
) ENGINE=InnoDB DEFAULT CHARSET=utf8 COLLATE=utf8_bin ROW_FORMAT=COMPACT COMMENT='Áè≠Á∫ßËÄÉÂã§Ë°®';
/*!40101 SET character_set_client = @saved_cs_client */;

--
-- Dumping data for table `teach_attendance`
--

LOCK TABLES `teach_attendance` WRITE;
/*!40000 ALTER TABLE `teach_attendance` DISABLE KEYS */;
INSERT INTO `teach_attendance` VALUES (0,1,229,'2023-12-05','00:00:00 - 00:00:00',NULL,1,4,0,0,0,0,4,'100%'),(1,1,229,'2023-12-05','00:00:00 - 00:00:00',NULL,1,3,0,1,0,0,4,'75%'),(2,1,229,'2023-12-19','00:00:00 - 00:00:00',NULL,1,2,0,2,0,0,4,'50%');
/*!40000 ALTER TABLE `teach_attendance` ENABLE KEYS */;
UNLOCK TABLES;

--
-- Table structure for table `teach_class_attendance`
--

DROP TABLE IF EXISTS `teach_class_attendance`;
/*!40101 SET @saved_cs_client     = @@character_set_client */;
/*!40101 SET character_set_client = utf8 */;
CREATE TABLE `teach_class_attendance` (
  `id` int(9) NOT NULL AUTO_INCREMENT COMMENT '‰∏ªÈîÆ',
  `class_id` varchar(30) COLLATE utf8_bin DEFAULT NULL COMMENT 'Áè≠Á∫ßID',
  `teacher_id` varchar(30) COLLATE utf8_bin DEFAULT NULL COMMENT 'ËÄÅÂ∏àID',
  `attendance_datetime` datetime DEFAULT NULL COMMENT 'ËÄÉÂã§Êó∂Èó¥',
  `classroom` varchar(50) COLLATE utf8_bin DEFAULT NULL COMMENT 'ËÄÉÂã§ÊïôÂÆ§',
  `lesson` varchar(50) COLLATE utf8_bin DEFAULT NULL COMMENT 'ËÄÉÂã§‰∏ì‰∏ö',
  `attendancenum` int(5) DEFAULT NULL COMMENT 'Ê≠£Â∏∏Âá∫Âã§‰∫∫Êï∞',
  `leavenum` int(3) DEFAULT NULL COMMENT 'ËØ∑ÂÅá‰∫∫Êï∞',
  `truancynum` int(3) DEFAULT NULL COMMENT 'Êó∑ËØæ‰∫∫Êï∞',
  `latenum` int(3) DEFAULT NULL COMMENT 'ËøüÂà∞‰∫∫Êï∞',
  `leaveearlynum` int(3) DEFAULT NULL COMMENT 'Êó©ÈÄÄ‰∫∫Êï∞',
  `studentnum` int(5) DEFAULT NULL COMMENT 'Áè≠Á∫ßÊÄª‰∫∫Êï∞',
  `class_attendance` varchar(20) COLLATE utf8_bin DEFAULT NULL COMMENT 'Áè≠Á∫ßÊ≠£Â∏∏Âá∫Âã§Áéá',
  PRIMARY KEY (`id`) USING BTREE
) ENGINE=InnoDB DEFAULT CHARSET=utf8 COLLATE=utf8_bin ROW_FORMAT=COMPACT COMMENT='Áè≠Á∫ßÂá∫Âã§ÁéáÁªüËÆ°Ë°®';
/*!40101 SET character_set_client = @saved_cs_client */;

--
-- Dumping data for table `teach_class_attendance`
--

LOCK TABLES `teach_class_attendance` WRITE;
/*!40000 ALTER TABLE `teach_class_attendance` DISABLE KEYS */;
/*!40000 ALTER TABLE `teach_class_attendance` ENABLE KEYS */;
UNLOCK TABLES;

--
-- Table structure for table `teach_class_homework`
--

DROP TABLE IF EXISTS `teach_class_homework`;
/*!40101 SET @saved_cs_client     = @@character_set_client */;
/*!40101 SET character_set_client = utf8 */;
CREATE TABLE `teach_class_homework` (
  `id` int(9) NOT NULL AUTO_INCREMENT COMMENT '‰∏ªÈîÆ',
  `class_id` varchar(30) COLLATE utf8_bin DEFAULT NULL COMMENT 'Áè≠Á∫ßID',
  `homework_datetime` datetime DEFAULT NULL COMMENT '‰Ωú‰∏öÊó∂Èó¥',
  `job_content` varchar(50) COLLATE utf8_bin DEFAULT NULL COMMENT '‰Ωú‰∏öÂÜÖÂÆπ',
  `lesson` varchar(50) COLLATE utf8_bin DEFAULT NULL COMMENT '‰∏ì‰∏ö',
  `workbestnum` int(5) DEFAULT NULL COMMENT '‰Ωú‰∏ö‰ºò‰∫∫Êï∞',
  `workgoodnum` int(3) DEFAULT NULL COMMENT '‰Ωú‰∏öËâØ‰∫∫Êï∞',
  `workpoornum` int(3) DEFAULT NULL COMMENT '‰Ωú‰∏öÂ∑Æ‰∫∫Êï∞',
  `worknosubmitnum` int(3) DEFAULT NULL COMMENT 'Êú™‰∫§‰∫∫Êï∞',
  `studentnum` int(5) DEFAULT NULL COMMENT 'Áè≠Á∫ßÂ≠¶Áîü‰∫∫Êï∞',
  `class_homework_attendance` varchar(20) COLLATE utf8_bin DEFAULT NULL COMMENT 'Áè≠Á∫ß‰Ωú‰∏öÂêàÊ†ºÁéá',
  PRIMARY KEY (`id`) USING BTREE
) ENGINE=InnoDB DEFAULT CHARSET=utf8 COLLATE=utf8_bin ROW_FORMAT=COMPACT COMMENT='Áè≠Á∫ß‰Ωú‰∏öÁªüËÆ°Ë°®';
/*!40101 SET character_set_client = @saved_cs_client */;

--
-- Dumping data for table `teach_class_homework`
--

LOCK TABLES `teach_class_homework` WRITE;
/*!40000 ALTER TABLE `teach_class_homework` DISABLE KEYS */;
/*!40000 ALTER TABLE `teach_class_homework` ENABLE KEYS */;
UNLOCK TABLES;

--
-- Table structure for table `teach_class_statistics`
--

DROP TABLE IF EXISTS `teach_class_statistics`;
/*!40101 SET @saved_cs_client     = @@character_set_client */;
/*!40101 SET character_set_client = utf8 */;
CREATE TABLE `teach_class_statistics` (
  `id` varchar(40) COLLATE utf8_bin NOT NULL,
  `class_id` int(11) DEFAULT NULL COMMENT 'Áè≠Á∫ßÁºñÂè∑',
  `createtime` date DEFAULT NULL COMMENT 'ÂàõÂª∫Êó∂Èó¥',
  `month` varchar(10) COLLATE utf8_bin DEFAULT NULL COMMENT 'ÁªüËÆ°Êúà',
  `attendence` varchar(10) COLLATE utf8_bin DEFAULT NULL COMMENT 'Âá∫Âã§Áéá',
  `subject_percentage_complete` varchar(10) COLLATE utf8_bin DEFAULT NULL COMMENT 'È°πÁõÆÂÆåÊàêÁéá',
  `job_percentage_complete` varchar(10) COLLATE utf8_bin DEFAULT NULL COMMENT '‰Ωú‰∏öÂÆåÊàêÁéá',
  `exam_acceptability` varchar(10) COLLATE utf8_bin DEFAULT NULL COMMENT 'ËÄÉËØïÂêàÊ†ºÁéá',
  PRIMARY KEY (`id`) USING BTREE
) ENGINE=InnoDB DEFAULT CHARSET=utf8 COLLATE=utf8_bin ROW_FORMAT=COMPACT COMMENT='Êï∞ÊçÆÊ±áÊÄªÔºàÁè≠Á∫ßÔºâ';
/*!40101 SET character_set_client = @saved_cs_client */;

--
-- Dumping data for table `teach_class_statistics`
--

LOCK TABLES `teach_class_statistics` WRITE;
/*!40000 ALTER TABLE `teach_class_statistics` DISABLE KEYS */;
/*!40000 ALTER TABLE `teach_class_statistics` ENABLE KEYS */;
UNLOCK TABLES;

--
-- Table structure for table `teach_classes`
--

DROP TABLE IF EXISTS `teach_classes`;
/*!40101 SET @saved_cs_client     = @@character_set_client */;
/*!40101 SET character_set_client = utf8 */;
CREATE TABLE `teach_classes` (
  `class_id` int(11) NOT NULL AUTO_INCREMENT COMMENT 'Áè≠Á∫ßID',
  `class_name` varchar(20) COLLATE utf8_bin DEFAULT NULL COMMENT 'Áè≠Á∫ßÂêçÁß∞',
  `school_id` int(11) DEFAULT NULL COMMENT 'ÊâÄÂ±ûÊ†°Âå∫ID',
  `major_id` int(11) DEFAULT NULL COMMENT 'ÊâÄÂ±û‰∏ì‰∏öID',
  `stage_new` varchar(40) COLLATE utf8_bin DEFAULT NULL COMMENT 'ÂΩìÂâçÈò∂ÊÆµ',
  `stage_starttime` date DEFAULT NULL COMMENT 'Èò∂ÊÆµÂºÄÂßãÊó∂Èó¥',
  `stage_endtime` date DEFAULT NULL COMMENT 'Èò∂ÊÆµÁªìÊùüÊó∂Èó¥',
  `createtime` datetime DEFAULT NULL ON UPDATE CURRENT_TIMESTAMP COMMENT 'ÂàõÂª∫Êó∂Èó¥',
  `link_status` int(11) DEFAULT NULL COMMENT 'ËøûÊé•Áä∂ÊÄÅÔºà1ÔºöÂÖ≥Èó≠Ôºå0ÔºöÂºÄÂêØÔºâ',
  PRIMARY KEY (`class_id`) USING BTREE
) ENGINE=InnoDB AUTO_INCREMENT=3 DEFAULT CHARSET=utf8 COLLATE=utf8_bin ROW_FORMAT=COMPACT COMMENT='Áè≠Á∫ßË°®';
/*!40101 SET character_set_client = @saved_cs_client */;

--
-- Dumping data for table `teach_classes`
--

LOCK TABLES `teach_classes` WRITE;
/*!40000 ALTER TABLE `teach_classes` DISABLE KEYS */;
INSERT INTO `teach_classes` VALUES (1,'2023Âπ¥ÁßãÂ≠£‰πêÈ´òÊú∫Âô®‰∫∫ÁºñÁ®ã',147,1,NULL,NULL,NULL,'2023-12-19 15:50:11',1),(2,'2023Âπ¥ÁßãÂ≠£ËÆ°ÁÆóÊú∫ÂÖ•Èó®',146,9,NULL,NULL,NULL,'2023-12-19 00:00:00',0);
/*!40000 ALTER TABLE `teach_classes` ENABLE KEYS */;
UNLOCK TABLES;

--
-- Table structure for table `teach_classes_teacher`
--

DROP TABLE IF EXISTS `teach_classes_teacher`;
/*!40101 SET @saved_cs_client     = @@character_set_client */;
/*!40101 SET character_set_client = utf8 */;
CREATE TABLE `teach_classes_teacher` (
  `id` varchar(40) COLLATE utf8_bin NOT NULL,
  `post` int(1) DEFAULT NULL COMMENT 'ËÅåÂä°Ôºà3ÔºåÁè≠‰∏ª‰ªªÔºõ1ÔºåÊïôÂëòÔºõ2ÔºåÂä©ÊïôÔºâ',
  `stage_id` varchar(40) COLLATE utf8_bin DEFAULT NULL COMMENT 'Èò∂ÊÆµID',
  `teacher_id` int(11) DEFAULT NULL COMMENT 'Áè≠‰∏ª‰ªªID',
  `instructor_id` int(11) DEFAULT NULL COMMENT 'ÊïôÂëòid',
  `assistant_id` int(11) DEFAULT NULL COMMENT 'Âä©Êïôid',
  `class_id` int(11) DEFAULT NULL COMMENT 'Áè≠Á∫ßÁºñÂè∑',
  `stage_starttime` date DEFAULT NULL COMMENT 'Èò∂ÊÆµÂºÄÂßãÊó∂Èó¥',
  `stage_endtime` date DEFAULT NULL COMMENT 'Èò∂ÊÆµÁªìÊùüÊó∂Èó¥',
  PRIMARY KEY (`id`) USING BTREE
) ENGINE=InnoDB DEFAULT CHARSET=utf8 COLLATE=utf8_bin ROW_FORMAT=COMPACT COMMENT='Áè≠Á∫ßË°®ÊïôÂ∏àÔºàÁè≠Á∫ßÂ≠êË°®Ôºâ';
/*!40101 SET character_set_client = @saved_cs_client */;

--
-- Dumping data for table `teach_classes_teacher`
--

LOCK TABLES `teach_classes_teacher` WRITE;
/*!40000 ALTER TABLE `teach_classes_teacher` DISABLE KEYS */;
INSERT INTO `teach_classes_teacher` VALUES ('14a9945f-37c0-4ce2-a444-dcd664d58fb7',NULL,'79a3fe97-d5cc-4c5b-96bd-882a4d40422b',226,226,NULL,1,'2023-11-16','2023-11-20'),('2e476093-17a7-4a49-b5f1-033452facedc',NULL,'79a3fe97-d5cc-4c5b-96bd-882a4d40422b',226,227,NULL,1,'2023-11-22','2023-11-30'),('36c07989-276e-44fe-ac92-dc4aad778011',NULL,'01450ac0-8436-4b00-b9ac-40495c2044d1',226,228,NULL,2,'2023-11-04','2023-11-04'),('37a8dbaf-5b86-439b-b183-d94a088a6b46',NULL,'0eef14b0-aa1e-4344-9fa4-d5f8cf8a68b0',226,227,NULL,1,'2023-11-05','2023-11-08'),('433dc4c0-1b28-49d2-858f-4a7c6186e2b7',NULL,'7d880a5e-9068-4c77-ac69-eae27cf711c2',226,228,NULL,1,'2023-11-10','2023-11-15'),('77fa38e9-2c0f-4571-a972-f2a81c5cb96b',NULL,'55c4219d-808b-4352-a7aa-7003b0bd8823',226,227,NULL,2,'2023-11-05','2023-11-05'),('88194f52-bde5-478f-b47c-2d1c901b5d45',NULL,'13ed9959-b3dd-4a16-9587-407d664a85bb',226,228,NULL,1,'2023-12-01','2023-12-10'),('8ccef52b-cac4-4cf9-a557-3eba5b8615c4',NULL,'2ba6dac0-20e7-46a7-9578-e737994540f9',226,228,NULL,2,'2023-11-01','2023-11-01'),('e307d4b4-79f3-48ae-ad49-37468f1deea4',NULL,'7b510ee5-7e07-49e5-a559-93471ca17d04',226,227,NULL,2,'2023-11-02','2023-11-02'),('e5bcc2a2-382e-4388-a131-a73e8a6b5e35',NULL,'36bac3d9-ac8d-4dff-9f1d-cf601ea10bb6',226,228,NULL,2,'2023-11-03','2023-11-03');
/*!40000 ALTER TABLE `teach_classes_teacher` ENABLE KEYS */;
UNLOCK TABLES;

--
-- Table structure for table `teach_exam`
--

DROP TABLE IF EXISTS `teach_exam`;
/*!40101 SET @saved_cs_client     = @@character_set_client */;
/*!40101 SET character_set_client = utf8 */;
CREATE TABLE `teach_exam` (
  `exam_id` int(11) NOT NULL AUTO_INCREMENT COMMENT 'ËÄÉËØïid',
  `class_id` int(11) DEFAULT NULL COMMENT 'Áè≠Á∫ßÁºñÂè∑',
  `datetime` date DEFAULT NULL COMMENT 'ËÄÉËØïÊó∂Èó¥',
  `cut_offscores` varchar(10) COLLATE utf8_bin DEFAULT NULL COMMENT 'ÂèäÊ†ºÁ∫ø',
  `invigilator` int(11) DEFAULT NULL COMMENT 'ÁõëËÄÉËÄÅÂ∏à',
  `address` varchar(30) COLLATE utf8_bin DEFAULT NULL COMMENT 'ËÄÉËØïÂú∞ÁÇπ',
  `stage_id` varchar(64) COLLATE utf8_bin DEFAULT NULL COMMENT 'ËÄÉËØïÈò∂ÊÆµ',
  `pass` int(3) DEFAULT NULL COMMENT 'ËÄÉËØïÈÄöËøá‰∫∫Êï∞',
  `fail` int(3) DEFAULT NULL COMMENT 'ËÄÉËØïÊú™ÈÄöËøá‰∫∫Êï∞',
  `student_num` int(3) DEFAULT NULL COMMENT 'Áè≠Á∫ß‰∫∫Êï∞',
  `acceptability` varchar(10) COLLATE utf8_bin DEFAULT NULL COMMENT 'ÂêàÊ†ºÁéá',
  PRIMARY KEY (`exam_id`) USING BTREE
) ENGINE=InnoDB AUTO_INCREMENT=12 DEFAULT CHARSET=utf8 COLLATE=utf8_bin ROW_FORMAT=COMPACT COMMENT='Áè≠Á∫ßËÄÉËØïË°®';
/*!40101 SET character_set_client = @saved_cs_client */;

--
-- Dumping data for table `teach_exam`
--

LOCK TABLES `teach_exam` WRITE;
/*!40000 ALTER TABLE `teach_exam` DISABLE KEYS */;
INSERT INTO `teach_exam` VALUES (1,1,'2023-12-19','60',229,'ÊïôÂÆ§','13ed9959-b3dd-4a16-9587-407d664a85bb',3,1,4,'75%');
/*!40000 ALTER TABLE `teach_exam` ENABLE KEYS */;
UNLOCK TABLES;

--
-- Table structure for table `teach_exam_statistics`
--

DROP TABLE IF EXISTS `teach_exam_statistics`;
/*!40101 SET @saved_cs_client     = @@character_set_client */;
/*!40101 SET character_set_client = utf8 */;
CREATE TABLE `teach_exam_statistics` (
  `id` int(11) NOT NULL AUTO_INCREMENT,
  `class_id` int(11) DEFAULT NULL COMMENT 'Áè≠Á∫ßÁºñÂè∑',
  `exam_time` date DEFAULT NULL COMMENT 'ËÄÉËØïÊó∂Èó¥',
  `stage_id` varchar(40) COLLATE utf8_bin DEFAULT NULL COMMENT 'ËÄÉËØïÈò∂ÊÆµ',
  `pass` int(3) DEFAULT NULL COMMENT 'ËÄÉËØïÈÄöËøá‰∫∫Êï∞',
  `fail` int(3) DEFAULT NULL COMMENT 'ËÄÉËØïÊú™ÈÄöËøá‰∫∫Êï∞',
  `student_num` int(3) DEFAULT NULL COMMENT 'Áè≠Á∫ß‰∫∫Êï∞',
  `acceptability` varchar(10) COLLATE utf8_bin DEFAULT NULL COMMENT 'ÂêàÊ†ºÁéá',
  `invigilator` int(11) DEFAULT NULL COMMENT 'ÁõëËÄÉËÄÅÂ∏à',
  `address` varchar(255) COLLATE utf8_bin DEFAULT NULL COMMENT 'ËÄÉËØïÂú∞ÁÇπ',
  PRIMARY KEY (`id`) USING BTREE
) ENGINE=InnoDB DEFAULT CHARSET=utf8 COLLATE=utf8_bin ROW_FORMAT=COMPACT COMMENT='ËÄÉËØïÁªüËÆ°Ë°®';
/*!40101 SET character_set_client = @saved_cs_client */;

--
-- Dumping data for table `teach_exam_statistics`
--

LOCK TABLES `teach_exam_statistics` WRITE;
/*!40000 ALTER TABLE `teach_exam_statistics` DISABLE KEYS */;
/*!40000 ALTER TABLE `teach_exam_statistics` ENABLE KEYS */;
UNLOCK TABLES;

--
-- Table structure for table `teach_file_collection`
--

DROP TABLE IF EXISTS `teach_file_collection`;
/*!40101 SET @saved_cs_client     = @@character_set_client */;
/*!40101 SET character_set_client = utf8 */;
CREATE TABLE `teach_file_collection` (
  `student_id` int(11) NOT NULL AUTO_INCREMENT COMMENT 'Â≠¶ÁîüID',
  `kgc_no` varchar(30) COLLATE utf8_bin DEFAULT NULL COMMENT 'ËØæÂ∑•Âú∫Ë¥¶Âè∑',
  `kgc_uid` varchar(40) COLLATE utf8_bin DEFAULT NULL COMMENT 'ËØæÂ∑•Âú∫uid',
  `kgc_nickname` varchar(20) COLLATE utf8_bin DEFAULT NULL COMMENT 'ËØæÂ∑•Âú∫ÊòµÁß∞',
  `status` int(1) DEFAULT NULL COMMENT 'Áä∂ÊÄÅ',
  `start_time` varchar(40) CHARACTER SET utf32 DEFAULT NULL COMMENT 'ËøõÁè≠Êó∂Èó¥(Êä•Ê°£Êó∂Èó¥)',
  `postname` varchar(40) COLLATE utf8_bin DEFAULT NULL COMMENT 'Â≠¶ÁîüÈ°πÁõÆÁöÑÂú∞ÂùÄ',
  `student_name` varchar(30) COLLATE utf8_bin DEFAULT NULL COMMENT 'Â≠¶ÁîüÂßìÂêç',
  `student_sex` int(1) DEFAULT NULL COMMENT 'Â≠¶ÁîüÊÄßÂà´',
  `native_place` varchar(20) COLLATE utf8_bin DEFAULT NULL COMMENT 'Á±çË¥Ø',
  `id_card_no` varchar(20) COLLATE utf8_bin DEFAULT NULL COMMENT 'Ë∫´‰ªΩËØÅÂè∑',
  `education` int(2) DEFAULT NULL COMMENT 'Â≠¶ÂéÜ',
  `phone` varchar(20) COLLATE utf8_bin DEFAULT NULL COMMENT 'ÁîµËØù',
  `mail` varchar(30) COLLATE utf8_bin DEFAULT NULL COMMENT 'ÈÇÆÁÆ±',
  `address` varchar(255) COLLATE utf8_bin DEFAULT NULL COMMENT 'ÂÆ∂Â∫≠Âú∞ÂùÄ',
  `class_no` int(11) DEFAULT NULL COMMENT 'Áè≠Á∫ßÁºñÂè∑',
  `extend1` int(1) DEFAULT NULL COMMENT 'Â≠¶ÁîüÊù•Ê∫ê',
  `extend2` varchar(255) COLLATE utf8_bin DEFAULT NULL COMMENT 'Â§áÊ≥®',
  `extend3` datetime DEFAULT NULL COMMENT 'ÂàõÂª∫Êó∂Èó¥',
  `graduate_institutions` varchar(50) COLLATE utf8_bin DEFAULT NULL COMMENT 'ÊØï‰∏öÈô¢Ê†°',
  `work_experience` varchar(100) COLLATE utf8_bin DEFAULT NULL COMMENT 'Â≠¶ÂâçÂ∑•‰ΩúÁªèÂéÜ',
  `base` int(1) DEFAULT NULL COMMENT 'ÊòØÂê¶ÊúâÂü∫Á°ÄÔºà0ÔºåÊó†Ôºõ1ÔºåÊúâÔºâ',
  `english_level` int(11) DEFAULT NULL COMMENT 'Ëã±ËØ≠Ê∞¥Âπ≥(ÁºñÂè∑)',
  `degree_in_nature` int(1) DEFAULT NULL COMMENT 'Â≠¶ÂéÜÊÄßË¥®',
  `graduate_date` varchar(40) COLLATE utf8_bin DEFAULT NULL COMMENT 'ÊØï‰∏öÊó∂Èó¥',
  `major` varchar(30) COLLATE utf8_bin DEFAULT NULL COMMENT '‰∏ì‰∏ö',
  `up_time` varchar(20) COLLATE utf8_bin DEFAULT NULL COMMENT 'Êó∂Èó¥',
  `emergency_contact` varchar(20) COLLATE utf8_bin DEFAULT NULL COMMENT '‰∏éÁ¥ßÊÄ•ËÅîÁªú‰∫∫ÁöÑÂÖ≥Á≥ª',
  `emergency_contact_phone` varchar(20) COLLATE utf8_bin DEFAULT NULL COMMENT 'Á¥ßÊÄ•ËÅîÁ≥ª‰∫∫ÁîµËØù',
  `job_city` int(11) DEFAULT NULL COMMENT 'Â∞±‰∏öÊÑèÂêëÂüéÂ∏ÇÔºàÁºñÂè∑Ôºâ',
  `textbook_no` varchar(40) COLLATE utf8_bin DEFAULT NULL COMMENT 'ÊïôÊùêÁºñÂè∑',
  `traffic_permit` varchar(40) COLLATE utf8_bin DEFAULT NULL COMMENT 'ÈÄöË°åËØÅ',
  `postal_code` varchar(20) COLLATE utf8_bin DEFAULT NULL COMMENT 'ÈÇÆÊîøÁºñÁ†Å',
  `student_name_pinyin` varchar(100) COLLATE utf8_bin DEFAULT NULL COMMENT 'Â≠¶ÁîüÂßìÂêçÊãºÈü≥',
  `extend4` varchar(255) COLLATE utf8_bin DEFAULT NULL COMMENT 'Áè≠Á∫ßÂêçÁß∞',
  `extend5` int(11) DEFAULT NULL COMMENT 'ÊòØÂê¶ÈÄöËøáÔºà0ÔºöÊú™ÂÆ°ÊâπÔºå1ÔºöÂ∑≤ÈÄöËøáÔºâ',
  `modify_time` datetime DEFAULT NULL COMMENT '‰øÆÊîπÊó∂Èó¥',
  `create_user` int(11) DEFAULT NULL COMMENT 'ÂàõÂª∫‰∫∫',
  `modify_user` int(11) DEFAULT NULL COMMENT '‰øÆÊîπ‰∫∫',
  PRIMARY KEY (`student_id`) USING BTREE
) ENGINE=InnoDB DEFAULT CHARSET=utf8 COLLATE=utf8_bin ROW_FORMAT=COMPACT COMMENT='Â≠¶ÁîüÊ°£Ê°àÊî∂ÈõÜË°®';
/*!40101 SET character_set_client = @saved_cs_client */;

--
-- Dumping data for table `teach_file_collection`
--

LOCK TABLES `teach_file_collection` WRITE;
/*!40000 ALTER TABLE `teach_file_collection` DISABLE KEYS */;
/*!40000 ALTER TABLE `teach_file_collection` ENABLE KEYS */;
UNLOCK TABLES;

--
-- Table structure for table `teach_inspection_items`
--

DROP TABLE IF EXISTS `teach_inspection_items`;
/*!40101 SET @saved_cs_client     = @@character_set_client */;
/*!40101 SET character_set_client = utf8 */;
CREATE TABLE `teach_inspection_items` (
  `inspection_items_id` varchar(64) COLLATE utf8_bin NOT NULL COMMENT 'ËÄÉÊ†∏È°πid',
  `assess_id` int(11) DEFAULT NULL COMMENT 'ËÄÉÊ†∏Ê†áÂáÜÔºàÁà∂Ë°®ÔºâÁºñÂè∑',
  `inspection_items_no` int(11) DEFAULT NULL COMMENT 'ËÄÉÊ†∏È°πÁºñÂè∑',
  `inspection_items_weight` varchar(10) COLLATE utf8_bin DEFAULT NULL COMMENT 'ËÄÉÊ†∏È°πÊùÉÈáç',
  PRIMARY KEY (`inspection_items_id`) USING BTREE
) ENGINE=InnoDB DEFAULT CHARSET=utf8 COLLATE=utf8_bin ROW_FORMAT=COMPACT COMMENT='ËÄÉÊ†∏È°πË°®ÔºàËÄÉÊ†∏Ê†áÂáÜÂ≠êË°®Ôºâ';
/*!40101 SET character_set_client = @saved_cs_client */;

--
-- Dumping data for table `teach_inspection_items`
--

LOCK TABLES `teach_inspection_items` WRITE;
/*!40000 ALTER TABLE `teach_inspection_items` DISABLE KEYS */;
INSERT INTO `teach_inspection_items` VALUES ('3b361c13-fb89-4996-a1fc-b836ebcc0651',1,100,'‰∏ì‰∏öËØæÂá∫Âã§Áéá'),('6045f882-a48a-450c-81e4-1be882a894f8',1,100,'ËÄÉËØïÂêàÊ†ºÁéá'),('a24ec2a8-8a73-42e6-b2ae-6d0520c4d9c3',1,100,'Êª°ÊÑèÂ∫¶'),('b0f9b3a0-d0dc-46b2-9924-1276546bfa7c',1,100,'È°πÁõÆÂêàÊ†ºÁéá'),('da9c7eba-b356-4c7f-8274-7d1f4dfe27fb',1,100,'‰Ωú‰∏öÂÆåÊàêÁéá'),('e34ebc09-02dc-48e6-bb31-e608d5d5f73e',1,20,'ÂÆûËÆ≠ËØæÂá∫Âã§Áéá');
/*!40000 ALTER TABLE `teach_inspection_items` ENABLE KEYS */;
UNLOCK TABLES;

--
-- Table structure for table `teach_job`
--

DROP TABLE IF EXISTS `teach_job`;
/*!40101 SET @saved_cs_client     = @@character_set_client */;
/*!40101 SET character_set_client = utf8 */;
CREATE TABLE `teach_job` (
  `job_id` int(11) NOT NULL COMMENT '‰Ωú‰∏öÁºñÂè∑',
  `class_id` int(11) DEFAULT NULL COMMENT 'Áè≠Á∫ßÁºñÂè∑',
  `datetime` date DEFAULT NULL COMMENT '‰Ωú‰∏öÊó∂Èó¥',
  `job_content` varchar(255) COLLATE utf8_bin DEFAULT NULL COMMENT '‰Ωú‰∏öÂÜÖÂÆπ',
  `job_stage` varchar(255) COLLATE utf8_bin DEFAULT NULL COMMENT '‰Ωú‰∏öÈò∂ÊÆµÁ´†ËäÇ',
  `workbestnum` int(3) DEFAULT NULL COMMENT '‰Ωú‰∏ö‰ºò‰∫∫Êï∞',
  `workgoodnum` int(3) DEFAULT NULL COMMENT '‰Ωú‰∏öËâØ‰∫∫Êï∞',
  `workpoornum` int(3) DEFAULT NULL COMMENT '‰Ωú‰∏öÂ∑Æ‰∫∫Êï∞',
  `worknosubmitnum` int(3) DEFAULT NULL COMMENT 'Êú™‰∫§‰∫∫Êï∞',
  `studentnum` int(3) DEFAULT NULL COMMENT 'Áè≠Á∫ßÂ≠¶Áîü‰∫∫Êï∞',
  `class_homework_attendance` varchar(20) COLLATE utf8_bin DEFAULT NULL COMMENT 'Áè≠Á∫ß‰Ωú‰∏öÂêàÊ†ºÁéá',
  PRIMARY KEY (`job_id`) USING BTREE
) ENGINE=InnoDB DEFAULT CHARSET=utf8 COLLATE=utf8_bin ROW_FORMAT=COMPACT COMMENT='Áè≠Á∫ß‰Ωú‰∏öË°®';
/*!40101 SET character_set_client = @saved_cs_client */;

--
-- Dumping data for table `teach_job`
--

LOCK TABLES `teach_job` WRITE;
/*!40000 ALTER TABLE `teach_job` DISABLE KEYS */;
INSERT INTO `teach_job` VALUES (1,1,'2023-12-05','Â≠¶‰π†Âü∫Êú¨ÁöÑÊú∫Âô®‰∫∫Êåá‰ª§ÔºåÂπ∂‰∏îÂÜô‰∏Ä‰∏™ÁÆÄÂçïÁöÑÂ∞èÁ®ãÂ∫èÊéßÂà∂Êú∫Âô®‰∫∫','Êú∫Âô®‰∫∫Êåá‰ª§Â≠¶‰π†',1,2,1,0,4,'75%'),(2,1,'2023-12-12','‰ΩøÁî®Âü∫Êú¨ÁöÑÊú∫Âô®‰∫∫Êåá‰ª§ÔºåËÆ©Êú∫Âô®‰∫∫ÁªïÂúàË°åÈ©∂','Êú∫Âô®‰∫∫Êåá‰ª§Â≠¶‰π†',1,2,1,0,4,'75%');
/*!40000 ALTER TABLE `teach_job` ENABLE KEYS */;
UNLOCK TABLES;

--
-- Table structure for table `teach_major`
--

DROP TABLE IF EXISTS `teach_major`;
/*!40101 SET @saved_cs_client     = @@character_set_client */;
/*!40101 SET character_set_client = utf8 */;
CREATE TABLE `teach_major` (
  `major_id` int(11) NOT NULL AUTO_INCREMENT COMMENT '‰∏ì‰∏öid',
  `major_name` varchar(30) COLLATE utf8_bin DEFAULT NULL COMMENT '‰∏ì‰∏öÂêçÁß∞',
  `major_type` int(11) DEFAULT NULL COMMENT '‰∏ì‰∏öÁ±ªÂà´ÔºàÁºñÂè∑Ôºâ',
  PRIMARY KEY (`major_id`) USING BTREE
) ENGINE=InnoDB AUTO_INCREMENT=13 DEFAULT CHARSET=utf8 COLLATE=utf8_bin ROW_FORMAT=COMPACT COMMENT='‰∏ì‰∏öË°®';
/*!40101 SET character_set_client = @saved_cs_client */;

--
-- Dumping data for table `teach_major`
--

LOCK TABLES `teach_major` WRITE;
/*!40000 ALTER TABLE `teach_major` DISABLE KEYS */;
INSERT INTO `teach_major` VALUES (1,'‰πêÈ´òÊú∫Âô®‰∫∫Ôºà5-7Â≤ÅÔºâ',0),(2,'ËΩØ‰ª∂ÁºñÁ®ãÔºà6-8Â≤ÅÔºâ',0),(3,'Â••ËµõÂÖ•Èó®ÁªÑ',1),(4,'Â••ËµõÂÆûÊàòÁªÑ',1),(5,'Â∞èÂ≠¶ÊâòÁÆ°',2),(6,'ÂπºÂÑøÂõ≠ÊâòÁÆ°',2),(7,'‰∫∫Â∑•Êô∫ËÉΩÔºàÂõæÂÉèÔºâÂÖ•Èó®',3),(8,'GoÁöÑÂÆûË∑µ‰∏éÊèêÈ´ò',4),(9,'Your Missing Semester',4),(10,'RedisÁöÑÊ†∏ÂøÉ‰∏éÂÆûÊàò',4),(11,'‰∫ÜËß£Êìç‰ΩúÁ≥ªÁªüÔºàÂØíÊöëÂÅá/ÈùíÂ∞ëÂπ¥ÊâòÁÆ°Ôºâ',2),(12,'ÊµãËØï',1);
/*!40000 ALTER TABLE `teach_major` ENABLE KEYS */;
UNLOCK TABLES;

--
-- Table structure for table `teach_major_stage`
--

DROP TABLE IF EXISTS `teach_major_stage`;
/*!40101 SET @saved_cs_client     = @@character_set_client */;
/*!40101 SET character_set_client = utf8 */;
CREATE TABLE `teach_major_stage` (
  `id` varchar(64) COLLATE utf8_bin NOT NULL,
  `major_id` int(11) DEFAULT NULL COMMENT '‰∏ì‰∏öÁºñÂè∑',
  `stage_name` varchar(20) COLLATE utf8_bin DEFAULT NULL COMMENT 'Èò∂ÊÆµÂêçÁß∞',
  `sort` int(2) DEFAULT NULL COMMENT 'ÊéíÂ∫è',
  PRIMARY KEY (`id`) USING BTREE
) ENGINE=InnoDB DEFAULT CHARSET=utf8 COLLATE=utf8_bin ROW_FORMAT=COMPACT COMMENT='‰∏ì‰∏öÈò∂ÊÆµË°®Ôºà‰∏ì‰∏öË°®Â≠êË°®Ôºâ';
/*!40101 SET character_set_client = @saved_cs_client */;

--
-- Dumping data for table `teach_major_stage`
--

LOCK TABLES `teach_major_stage` WRITE;
/*!40000 ALTER TABLE `teach_major_stage` DISABLE KEYS */;
INSERT INTO `teach_major_stage` VALUES ('00835f39-b2fa-4f29-b41b-b8c8ff9dfbd2',2,'‰∫íÂä®Êé¢Á¥¢',1),('01450ac0-8436-4b00-b9ac-40495c2044d1',9,'Git ÊèêÈ´ò',3),('0320ead0-1b74-4e77-9a7e-eab20f7ceac2',4,'Âà∑È¢ò',4),('063b44e2-8054-46d3-85eb-99cf5398ee99',10,'ÂÜÖÂ≠òÂø´ÁÖß/Êó•Âøó',2),('069117a2-9c7b-44e1-8aff-b169f6e4eb5b',4,'ÂõæËÆ∫ÂÖ•Èó®',0),('0eef14b0-aa1e-4344-9fa4-d5f8cf8a68b0',1,'ÊäÄÂ∑ßÂêØËíô',0),('13ed9959-b3dd-4a16-9587-407d664a85bb',1,'‰ªªÂä°ÊåëÊàò',3),('1c10b11c-30c4-4bec-bafe-7e8aa078cf01',3,'ÁÆóÊ≥ïÂü∫Á°Ä',1),('23117145-2bdd-4897-b2ca-f2cf433ccd45',8,'Âõ¢ÈòüÂçè‰ΩúÈ°πÁõÆ',4),('2ba6dac0-20e7-46a7-9578-e737994540f9',9,'Shell Âíå Linux',0),('2cfc5ef4-d438-43e4-8a69-529e08dd6e4f',11,'ËøõÁ®ãÂÖ•Èó®',4),('2e9eaf38-0dc0-44bf-9600-882b79edd9f8',3,'Êï∞ÊçÆÁªìÊûÑÂàùÊ≠•',2),('340111f9-1cfc-4121-90bb-539c6e2ab0e2',7,'AIÂü∫Á°Ä',0),('36bac3d9-ac8d-4dff-9f1d-cf601ea10bb6',9,'cli È´òÊïàÂ§ÑÁêÜÊï∞ÊçÆ',2),('3819821c-8ce4-45a1-a425-56eb67dd516c',10,'È°πÁõÆÂÆûË∑µ',7),('3ae2d95c-a271-43fa-b603-5f13a62fb708',4,'DPÂÖ•Èó®',2),('3f8b083c-216c-4714-b072-912454ca4b44',5,'ËÄÉÂã§‰ªªÂä°',0),('423b8a91-b433-41d7-a342-ce5985a2cb24',7,'ÂÆûË∑µÈ°πÁõÆ',3),('4666decf-d2c3-4050-b0f2-f824115ed76f',10,'ÂêåÊ≠•‰∏é‰∫ãÂä°',6),('4a08d815-b064-43ec-a1d8-9315acefb219',8,'Âπ∂ÂèëÊ®°ÂûãËÆæËÆ°',0),('4a2d81a6-c2bb-494a-a45b-03e69fddb024',7,'Êú∫Âô®Â≠¶‰π†ÂéüÁêÜ',2),('521bc326-857f-4563-8fb8-f00540e984bc',11,'ÂÆûË∑µËØæ',7),('55c4219d-808b-4352-a7aa-7003b0bd8823',9,'Debug Âíå Profile',4),('55fe92f4-861d-4a1c-aa29-cb847f7cbaad',10,'Âü∫Êú¨Êû∂ÊûÑ',0),('5d79f59d-67d9-4563-a426-7ba93bab33ec',11,'ÂÜÖÊ†∏ÂÖ•Èó®',3),('6699018a-1395-4127-8a12-82637b0f1e0d',11,'‰øÆÂ§ç/ÂÆâË£ÖÊìç‰ΩúÁ≥ªÁªü',2),('6bd8c441-6b74-423b-b71a-83a3bdd016a1',9,'Container„ÄÅWM Âíå NixOS',6),('6f84f007-0982-400a-9003-ada8e9677158',2,'Âü∫Êú¨Ê¶ÇÂøµ',0),('782fe6a9-97d5-45af-940c-99b47c863224',12,'ÊµãËØï',0),('7954791e-c004-4d50-b19b-f831fbe62e02',2,'ÈÄªËæëÊûÑÂª∫',2),('79a3fe97-d5cc-4c5b-96bd-882a4d40422b',1,'ÂàõÊÑèÁºñÁ®ã',2),('7b510ee5-7e07-49e5-a559-93471ca17d04',9,'ÁºñËæëÂô®',1),('7d880a5e-9068-4c77-ac69-eae27cf711c2',1,'ÁÆÄÂçïÊú∫Ê¢∞ÂéüÁêÜ',1),('7d942567-8e95-439c-8f5f-1fd8de15eb83',11,'ËÆ°ÁÆóÊú∫ÊòØÂ¶Ç‰ΩïÂêØÂä®ÁöÑ',0),('853f5a3f-05fa-4ad0-afa3-793927981395',10,'ÁºìÂ≠òÂºÇÂ∏∏',5),('91cd630e-51b9-4329-8a52-be0292ad69dd',10,'ÈõÜÁæ§Á≠ñÁï•',3),('99b0d65c-77fb-4ccb-b839-10b8907b748a',10,'ÂìçÂ∫î‰ºòÂåñ',4),('9e00b412-02ca-4471-b4ce-ad8186860b2c',3,'C++ÂÖ•Èó®',0),('a0d128ba-8e72-47cd-bffb-8313f28955cc',7,'ÁºñÁ®ãÊäÄËÉΩ',1),('a0f89da8-024d-4c19-ba5a-02744b1833e4',11,'ÁΩëÁªúÂÖ•Èó®',6),('a6979693-0de3-42eb-a8b6-c2cfcc05f7b4',11,'ËÆæÂ§áIOÂÖ•Èó®',5),('ac50f0d5-b432-4e76-97bb-013a7f3ff606',2,'ÂàõÊÑèÈ°πÁõÆ',3),('acbee3cc-d487-476f-9e08-2a215654735e',4,'Êï∞ËÆ∫ÂÖ•Èó®',1),('b4cb301e-f394-4073-805e-03689b23b190',4,'‰ºòÂåñÊäÄÂ∑ß',3),('b9330030-2b36-4aed-894e-c1d69da0fff0',8,'È´òÊïàÁºñÁ†Å',3),('c29ccfc2-0864-4bed-b0fe-b4518f628a61',9,'Latex Âíå Áü•ËØÜÂ∫ì',5),('d74dbbe6-e872-4b5f-af1d-3fc5f188b508',11,'Êàë‰ª¨ÁöÑÊï∞ÊçÆÂÆâÂÖ®Âêó',1),('da7ac1b7-5920-4cac-9a20-8c7ed81dd74e',8,'ÂæÆÊúçÂä°Êû∂ÊûÑ',1),('de1ffaac-16a3-4767-b0c1-ae8fd4b8745a',8,'‰∏≠Èó¥‰ª∂ËÆæËÆ°',2),('e1a75306-f4c2-493d-a453-ef203bf85662',10,'È´òÊÄßËÉΩIOÊ®°Âûã',1),('e4d32c19-480c-44f8-9fc5-06090ca0dfba',6,'ËÄÉÂã§‰ªªÂä°',0),('ffc19aef-1f3c-4fe1-95ea-c04a55a53f90',3,'ÁÆóÊ≥ïËøõÈò∂',3);
/*!40000 ALTER TABLE `teach_major_stage` ENABLE KEYS */;
UNLOCK TABLES;

--
-- Table structure for table `teach_major_statistics`
--

DROP TABLE IF EXISTS `teach_major_statistics`;
/*!40101 SET @saved_cs_client     = @@character_set_client */;
/*!40101 SET character_set_client = utf8 */;
CREATE TABLE `teach_major_statistics` (
  `id` int(11) NOT NULL AUTO_INCREMENT,
  `major_id` int(11) DEFAULT NULL COMMENT '‰∏ì‰∏öÁºñÂè∑',
  `createtime` datetime DEFAULT NULL ON UPDATE CURRENT_TIMESTAMP COMMENT 'ÂàõÂª∫Êó∂Èó¥',
  `month` date DEFAULT NULL COMMENT 'ÁªüËÆ°Êúà',
  `attendence` double DEFAULT NULL COMMENT 'attendence',
  `subject_percentage_complete` double DEFAULT NULL COMMENT 'È°πÁõÆÂÆåÊàêÁéá',
  `job_percentage_complete` double DEFAULT NULL COMMENT '‰Ωú‰∏öÂÆåÊàêÁéá',
  `exam_acceptability` double DEFAULT NULL COMMENT 'ËÄÉËØïÂêàÊ†ºÁéá',
  PRIMARY KEY (`id`) USING BTREE
) ENGINE=InnoDB DEFAULT CHARSET=utf8 COLLATE=utf8_bin ROW_FORMAT=COMPACT COMMENT='Êï∞ÊçÆÊ±áÊÄªÔºà‰∏ì‰∏öÔºâ';
/*!40101 SET character_set_client = @saved_cs_client */;

--
-- Dumping data for table `teach_major_statistics`
--

LOCK TABLES `teach_major_statistics` WRITE;
/*!40000 ALTER TABLE `teach_major_statistics` DISABLE KEYS */;
/*!40000 ALTER TABLE `teach_major_statistics` ENABLE KEYS */;
UNLOCK TABLES;

--
-- Table structure for table `teach_satisfaction`
--

DROP TABLE IF EXISTS `teach_satisfaction`;
/*!40101 SET @saved_cs_client     = @@character_set_client */;
/*!40101 SET character_set_client = utf8 */;
CREATE TABLE `teach_satisfaction` (
  `id` int(11) NOT NULL AUTO_INCREMENT,
  `class_id` int(11) DEFAULT NULL COMMENT 'Áè≠Á∫ßÁºñÂè∑',
  `createtime` datetime DEFAULT NULL ON UPDATE CURRENT_TIMESTAMP COMMENT 'ËØÑÁ∫ßÊó∂Èó¥',
  `teacher_id` int(11) DEFAULT NULL COMMENT 'ÊïôÂ∏àÁºñÂè∑',
  `satisfaction` double DEFAULT NULL COMMENT 'Êª°ÊÑèÂ∫¶',
  PRIMARY KEY (`id`) USING BTREE
) ENGINE=InnoDB AUTO_INCREMENT=12 DEFAULT CHARSET=utf8 COLLATE=utf8_bin ROW_FORMAT=COMPACT COMMENT='Êª°ÊÑèÂ∫¶Ë°®';
/*!40101 SET character_set_client = @saved_cs_client */;

--
-- Dumping data for table `teach_satisfaction`
--

LOCK TABLES `teach_satisfaction` WRITE;
/*!40000 ALTER TABLE `teach_satisfaction` DISABLE KEYS */;
INSERT INTO `teach_satisfaction` VALUES (10,1,'2023-12-20 02:16:40',226,100),(11,1,'2023-12-20 02:16:58',226,100);
/*!40000 ALTER TABLE `teach_satisfaction` ENABLE KEYS */;
UNLOCK TABLES;

--
-- Table structure for table `teach_school`
--

DROP TABLE IF EXISTS `teach_school`;
/*!40101 SET @saved_cs_client     = @@character_set_client */;
/*!40101 SET character_set_client = utf8 */;
CREATE TABLE `teach_school` (
  `school_id` int(11) NOT NULL AUTO_INCREMENT COMMENT 'Ê†°Âå∫id',
  `school_name` varchar(40) COLLATE utf8_bin DEFAULT NULL COMMENT 'Ê†°Âå∫ÂêçÁß∞',
  `headmaster` varchar(20) COLLATE utf8_bin DEFAULT NULL COMMENT 'Ê†°Èïø',
  `president` varchar(20) COLLATE utf8_bin DEFAULT NULL COMMENT 'ÂâØÊ†°Èïø',
  `datetime` datetime DEFAULT NULL ON UPDATE CURRENT_TIMESTAMP,
  PRIMARY KEY (`school_id`) USING BTREE
) ENGINE=InnoDB DEFAULT CHARSET=utf8 COLLATE=utf8_bin ROW_FORMAT=COMPACT COMMENT='Ê†°Âå∫Ë°®';
/*!40101 SET character_set_client = @saved_cs_client */;

--
-- Dumping data for table `teach_school`
--

LOCK TABLES `teach_school` WRITE;
/*!40000 ALTER TABLE `teach_school` DISABLE KEYS */;
/*!40000 ALTER TABLE `teach_school` ENABLE KEYS */;
UNLOCK TABLES;

--
-- Table structure for table `teach_status_record`
--

DROP TABLE IF EXISTS `teach_status_record`;
/*!40101 SET @saved_cs_client     = @@character_set_client */;
/*!40101 SET character_set_client = utf8 */;
CREATE TABLE `teach_status_record` (
  `id` int(11) NOT NULL AUTO_INCREMENT COMMENT 'Áä∂ÊÄÅËÆ∞ÂΩïÁºñÂè∑',
  `student_id` int(11) DEFAULT NULL COMMENT 'Â≠¶Áîüid',
  `user_id` int(11) DEFAULT NULL COMMENT 'Áî®Êà∑id',
  `change_type` varchar(50) COLLATE utf8_bin DEFAULT NULL COMMENT 'Êõ¥ÊîπÁ±ªÂûã',
  `change_content` varchar(50) COLLATE utf8_bin DEFAULT NULL COMMENT 'Êõ¥ÊîπÂÜÖÂÆπ',
  `change_time` datetime DEFAULT NULL COMMENT 'Êõ¥ÊîπÊó∂Èó¥',
  `up_time` varchar(20) COLLATE utf8_bin DEFAULT NULL COMMENT 'Êó∂Èó¥',
  PRIMARY KEY (`id`) USING BTREE
) ENGINE=InnoDB AUTO_INCREMENT=605 DEFAULT CHARSET=utf8 COLLATE=utf8_bin ROW_FORMAT=COMPACT COMMENT='Â≠¶ÁîüÁä∂ÊÄÅÊõ¥ÊîπËÆ∞ÂΩïË°®';
/*!40101 SET character_set_client = @saved_cs_client */;

--
-- Dumping data for table `teach_status_record`
--

LOCK TABLES `teach_status_record` WRITE;
/*!40000 ALTER TABLE `teach_status_record` DISABLE KEYS */;
INSERT INTO `teach_status_record` VALUES (603,2480,1,'Áä∂ÊÄÅÂèòÂä®','Êõ¥ÊîπÁä∂ÊÄÅ‰∏∫‚Äú‰ºëÂ≠¶‚Äù','2023-12-18 00:40:57','2023-12-19'),(604,2480,1,'Áä∂ÊÄÅÂèòÂä®','‚ÄúÂ§çÂ≠¶‚Äù','2023-12-18 00:42:04','2023-12-19');
/*!40000 ALTER TABLE `teach_status_record` ENABLE KEYS */;
UNLOCK TABLES;

--
-- Table structure for table `teach_student`
--

DROP TABLE IF EXISTS `teach_student`;
/*!40101 SET @saved_cs_client     = @@character_set_client */;
/*!40101 SET character_set_client = utf8 */;
CREATE TABLE `teach_student` (
  `student_id` int(11) NOT NULL AUTO_INCREMENT COMMENT 'Â≠¶ÁîüID',
  `kgc_no` varchar(30) COLLATE utf8_bin DEFAULT NULL COMMENT 'ËØæÂ∑•Âú∫Ë¥¶Âè∑',
  `kgc_uid` varchar(40) COLLATE utf8_bin DEFAULT NULL COMMENT 'ËØæÂ∑•Âú∫uid',
  `kgc_nickname` varchar(20) COLLATE utf8_bin DEFAULT NULL COMMENT 'ËØæÂ∑•Âú∫ÊòµÁß∞',
  `status` int(1) DEFAULT NULL COMMENT 'Áä∂ÊÄÅ',
  `start_time` varchar(40) COLLATE utf8_bin DEFAULT NULL COMMENT 'ËøõÁè≠Êó∂Èó¥(Êä•Ê°£Êó∂Èó¥)',
  `postname` varchar(40) COLLATE utf8_bin DEFAULT NULL COMMENT 'Â≠¶ÁîüÈ°πÁõÆÁöÑÂú∞ÂùÄ',
  `student_name` varchar(30) COLLATE utf8_bin DEFAULT NULL COMMENT 'Â≠¶ÁîüÂßìÂêç',
  `student_sex` int(1) DEFAULT NULL COMMENT 'Â≠¶ÁîüÊÄßÂà´',
  `ethnic` int(2) DEFAULT NULL COMMENT 'Ê∞ëÊóè',
  `native_place` varchar(20) COLLATE utf8_bin DEFAULT NULL COMMENT 'Á±çË¥Ø',
  `id_card_no` varchar(20) COLLATE utf8_bin DEFAULT NULL COMMENT 'Ë∫´‰ªΩËØÅÂè∑',
  `birthday` datetime DEFAULT NULL COMMENT 'Âá∫ÁîüÂπ¥Êúà',
  `education` int(2) DEFAULT NULL COMMENT 'Â≠¶ÂéÜ',
  `politics_status` int(2) DEFAULT NULL COMMENT 'ÊîøÊ≤ªÈù¢Ë≤å',
  `phone` varchar(20) COLLATE utf8_bin DEFAULT NULL COMMENT 'ÁîµËØù',
  `mail` varchar(30) COLLATE utf8_bin DEFAULT NULL COMMENT 'ÈÇÆÁÆ±',
  `qq` varchar(15) COLLATE utf8_bin DEFAULT NULL COMMENT 'qqÂè∑Á†Å',
  `city` int(3) DEFAULT NULL COMMENT 'ÁîüÊ∫êÂ∏Ç',
  `address` varchar(255) COLLATE utf8_bin DEFAULT NULL COMMENT 'ÂÆ∂Â∫≠Âú∞ÂùÄ',
  `class_no` int(11) DEFAULT NULL COMMENT 'Áè≠Á∫ßÁºñÂè∑',
  `dormitory` varchar(11) COLLATE utf8_bin DEFAULT NULL COMMENT 'ÂØùÂÆ§ÁºñÂè∑',
  `student_father_name` varchar(30) COLLATE utf8_bin DEFAULT NULL COMMENT 'Â≠¶ÁîüÁà∂‰∫≤ÂßìÂêç',
  `student_father_phone` varchar(15) COLLATE utf8_bin DEFAULT NULL COMMENT 'Â≠¶ÁîüÁà∂‰∫≤ÁîµËØù',
  `student_father_unit` varchar(50) COLLATE utf8_bin DEFAULT NULL COMMENT 'Â≠¶ÁîüÁà∂‰∫≤Â∑•‰ΩúÂçï‰Ωç',
  `student_mother_name` varchar(30) COLLATE utf8_bin DEFAULT NULL COMMENT 'Â≠¶ÁîüÊØç‰∫≤ÂßìÂêç',
  `student_mother_phone` varchar(15) COLLATE utf8_bin DEFAULT NULL COMMENT 'Â≠¶ÁîüÊØç‰∫≤ÁîµËØù',
  `student_mother_unit` varchar(50) COLLATE utf8_bin DEFAULT NULL COMMENT 'Â≠¶ÁîüÊØç‰∫≤Â∑•‰ΩúÂçï‰Ωç',
  `student_another_name` varchar(50) COLLATE utf8_bin DEFAULT NULL COMMENT 'Â≠¶ÁîüÂÆ∂Â∫≠ÂÖ∂‰ªñÊàêÂëò',
  `single_parent` int(1) DEFAULT NULL COMMENT 'ÊòØÂê¶Âçï‰∫≤ÂÆ∂Â∫≠Ôºà0ÔºåÂê¶Ôºõ1ÔºåÊòØÔºâ',
  `extend1` int(1) DEFAULT NULL COMMENT 'Â≠¶ÁîüÊù•Ê∫ê',
  `extend2` varchar(255) COLLATE utf8_bin DEFAULT NULL COMMENT 'Â§áÊ≥®',
  `extend3` datetime DEFAULT NULL COMMENT 'ÂàõÂª∫Êó∂Èó¥',
  `graduate_institutions` varchar(50) COLLATE utf8_bin DEFAULT NULL COMMENT 'ÊØï‰∏öÈô¢Ê†°',
  `work_experience` varchar(100) COLLATE utf8_bin DEFAULT NULL COMMENT 'Â≠¶ÂâçÂ∑•‰ΩúÁªèÂéÜ',
  `base` int(1) DEFAULT NULL COMMENT 'ÊòØÂê¶ÊúâÂü∫Á°ÄÔºà0ÔºåÊó†Ôºõ1ÔºåÊúâÔºâ',
  `english_level` int(11) DEFAULT NULL COMMENT 'Ëã±ËØ≠Ê∞¥Âπ≥(ÁºñÂè∑)',
  `degree_in_nature` int(1) DEFAULT NULL COMMENT 'Â≠¶ÂéÜÊÄßË¥®',
  `graduate_date` varchar(40) COLLATE utf8_bin DEFAULT NULL COMMENT 'ÊØï‰∏öÊó∂Èó¥',
  `major` varchar(30) COLLATE utf8_bin DEFAULT NULL COMMENT '‰∏ì‰∏ö',
  `up_time` varchar(20) COLLATE utf8_bin DEFAULT NULL COMMENT 'Êó∂Èó¥',
  `emergency_contact` varchar(20) COLLATE utf8_bin DEFAULT NULL COMMENT '‰∏éÁ¥ßÊÄ•ËÅîÁªú‰∫∫ÁöÑÂÖ≥Á≥ª',
  `emergency_contact_phone` varchar(20) COLLATE utf8_bin DEFAULT NULL COMMENT 'Á¥ßÊÄ•ËÅîÁ≥ª‰∫∫ÁîµËØù',
  `job_city` int(11) DEFAULT NULL COMMENT 'Â∞±‰∏öÊÑèÂêëÂüéÂ∏ÇÔºàÁºñÂè∑Ôºâ',
  `textbook_no` varchar(40) COLLATE utf8_bin DEFAULT NULL COMMENT 'ÊïôÊùêÁºñÂè∑',
  `traffic_permit` varchar(40) COLLATE utf8_bin DEFAULT NULL COMMENT 'ÈÄöË°åËØÅ',
  `postal_code` varchar(20) COLLATE utf8_bin DEFAULT NULL COMMENT 'ÈÇÆÊîøÁºñÁ†Å',
  `student_name_pinyin` varchar(100) COLLATE utf8_bin DEFAULT NULL COMMENT 'Â≠¶ÁîüÂßìÂêçÊãºÈü≥',
  PRIMARY KEY (`student_id`) USING BTREE
) ENGINE=InnoDB AUTO_INCREMENT=2491 DEFAULT CHARSET=utf8 COLLATE=utf8_bin ROW_FORMAT=COMPACT COMMENT='Â≠¶ÁîüÊ°£Ê°àË°®';
/*!40101 SET character_set_client = @saved_cs_client */;

--
-- Dumping data for table `teach_student`
--

LOCK TABLES `teach_student` WRITE;
/*!40000 ALTER TABLE `teach_student` DISABLE KEYS */;
INSERT INTO `teach_student` VALUES (2478,NULL,NULL,NULL,1,'2023-12-18','','Âº†ÂúÜÂúÜ',0,NULL,NULL,'440111201505020013',NULL,1,NULL,'18202000000','510000',NULL,NULL,'ÂπøÂ∑ûÂ∏ÇÁôΩ‰∫ëÂå∫',1,NULL,NULL,NULL,NULL,NULL,NULL,NULL,NULL,NULL,NULL,NULL,'2023-12-17 23:48:57','ÁôΩ‰∫ëÂ∞èÂ≠¶',NULL,NULL,1,1,'2023-12-23','‰∫åÂπ¥Á∫ß',NULL,NULL,NULL,0,NULL,NULL,NULL,NULL),(2479,NULL,NULL,NULL,1,'2023-12-18','','ÊùéÁ¨ëÁ¨ë',0,NULL,'Âπø‰∏ú','440111201505020013',NULL,1,NULL,'18202000000','510000',NULL,NULL,'‰ΩõÂ±±ÂçóÊµ∑',1,NULL,NULL,NULL,NULL,NULL,NULL,NULL,NULL,NULL,1,NULL,'2023-12-17 23:48:57','ÁôΩ‰∫ëÂ∞èÂ≠¶',NULL,1,1,1,'2023-12-23','‰∫åÂπ¥Á∫ß',NULL,NULL,NULL,0,NULL,NULL,NULL,NULL),(2480,NULL,NULL,NULL,1,'2023-12-18','','Áß¶Â§©',0,NULL,NULL,'440111201505020013',NULL,1,NULL,'18202000000','510000',NULL,NULL,'‰ΩõÂ±±ÂçóÊµ∑',1,NULL,NULL,NULL,NULL,NULL,NULL,NULL,NULL,NULL,NULL,'Ë∫´‰ΩìÂ•ΩËµ∑Êù•‰∫Ü','2023-12-17 23:48:57','ÁôΩ‰∫ëÂ∞èÂ≠¶',NULL,NULL,1,1,'2023-12-23','‰∫åÂπ¥Á∫ß','2023-12-19',NULL,NULL,0,NULL,NULL,NULL,NULL),(2481,NULL,NULL,NULL,1,'2023-12-18','','ÂàªÊô¥',0,NULL,NULL,'440111201505020013',NULL,1,NULL,'18202000000','510000',NULL,NULL,'ÊèêÁì¶ÁâπÂ§ßÈôÜ',1,NULL,NULL,NULL,NULL,NULL,NULL,NULL,NULL,NULL,NULL,NULL,'2023-12-17 23:48:57','ÁôΩ‰∫ëÂ∞èÂ≠¶',NULL,NULL,1,1,'2023-12-23','‰∫åÂπ¥Á∫ß',NULL,NULL,NULL,0,NULL,NULL,NULL,NULL),(2482,NULL,NULL,NULL,1,'2023-12-18','','ÁîòÈõ®',0,NULL,NULL,'440111201505020013',NULL,1,NULL,'18202000000','510000',NULL,NULL,'ÊèêÁì¶ÁâπÂ§ßÈôÜ',2,NULL,NULL,NULL,NULL,NULL,NULL,NULL,NULL,NULL,NULL,NULL,NULL,NULL,NULL,NULL,NULL,NULL,NULL,NULL,NULL,NULL,NULL,NULL,NULL,NULL,NULL,NULL),(2483,NULL,NULL,NULL,1,'2023-12-18','','Èõ™ÈúèÂ≤öÂ≤ö',0,NULL,NULL,'440111201505020013',NULL,1,NULL,'18202000000','510000',NULL,NULL,'ÂπøÂ∑ûÂ∏Ç',2,NULL,NULL,NULL,NULL,NULL,NULL,NULL,NULL,NULL,NULL,NULL,NULL,NULL,NULL,NULL,NULL,NULL,NULL,NULL,NULL,NULL,NULL,NULL,NULL,NULL,NULL,NULL),(2484,NULL,NULL,NULL,1,'2023-12-18','','Â∏àÊ¨£',0,NULL,NULL,'440111201505020013',NULL,1,NULL,'18202000000','510000',NULL,NULL,'ÂπøÂ∑ûÂ∏Ç',2,NULL,NULL,NULL,NULL,NULL,NULL,NULL,NULL,NULL,NULL,NULL,NULL,NULL,NULL,NULL,NULL,NULL,NULL,NULL,NULL,NULL,NULL,NULL,NULL,NULL,NULL,NULL),(2485,NULL,NULL,NULL,1,'2023-12-18','','Ëø™Â••Â®ú',0,NULL,NULL,'440111201505020013',NULL,1,NULL,'18202000000','510000',NULL,NULL,'ÊèêÁì¶ÁâπÂ§ßÈôÜ',2,NULL,NULL,NULL,NULL,NULL,NULL,NULL,NULL,NULL,NULL,NULL,NULL,NULL,NULL,NULL,NULL,NULL,NULL,NULL,NULL,NULL,NULL,NULL,NULL,NULL,NULL,NULL),(2486,NULL,NULL,NULL,1,'2023-12-18','','Á∫≥Ë•øÂ¶≤',0,NULL,NULL,'440111201505020013',NULL,1,NULL,'18202000000','510000',NULL,NULL,'ÊèêÁì¶ÁâπÂ§ßÈôÜ',2,NULL,NULL,NULL,NULL,NULL,NULL,NULL,NULL,NULL,NULL,NULL,NULL,NULL,NULL,NULL,NULL,NULL,NULL,NULL,NULL,NULL,NULL,NULL,NULL,NULL,NULL,NULL),(2487,NULL,NULL,NULL,1,'2023-12-18','','ÂèØËéâ',0,NULL,NULL,'440111201505020013',NULL,1,NULL,'18202000000','510000',NULL,NULL,'ÊèêÁì¶ÁâπÂ§ßÈôÜ',2,NULL,NULL,NULL,NULL,NULL,NULL,NULL,NULL,NULL,NULL,NULL,NULL,NULL,NULL,NULL,NULL,NULL,NULL,NULL,NULL,NULL,NULL,NULL,NULL,NULL,NULL,NULL),(2488,NULL,NULL,NULL,1,'2023-12-18','','ÂÜ∞Á≥ñ',0,NULL,NULL,'440111201505020013',NULL,1,NULL,'18202000000','510000',NULL,NULL,'Ê∂¶Êú¨',2,NULL,NULL,NULL,NULL,NULL,NULL,NULL,NULL,NULL,NULL,NULL,NULL,NULL,NULL,NULL,NULL,NULL,NULL,NULL,NULL,NULL,NULL,NULL,NULL,NULL,NULL,NULL),(2489,NULL,NULL,NULL,1,'2023-12-18','','ÁúüÁôΩËä±Èü≥',0,NULL,NULL,'440111201505020013',NULL,1,NULL,'18202000000','510000',NULL,NULL,'Á´ãÊú¨',2,NULL,NULL,NULL,NULL,NULL,NULL,NULL,NULL,NULL,NULL,NULL,NULL,NULL,NULL,NULL,NULL,NULL,NULL,NULL,NULL,NULL,NULL,NULL,NULL,NULL,NULL,NULL),(2490,NULL,NULL,NULL,1,'2023-12-18','','ÂòâÁÑ∂',0,NULL,NULL,'440111201505020013',NULL,1,NULL,'18202000000','510000',NULL,NULL,'‰∏äÊµ∑Â∏Ç',2,NULL,NULL,NULL,NULL,NULL,NULL,NULL,NULL,NULL,NULL,NULL,NULL,NULL,NULL,NULL,NULL,NULL,NULL,NULL,NULL,NULL,NULL,NULL,NULL,NULL,NULL,NULL);
/*!40000 ALTER TABLE `teach_student` ENABLE KEYS */;
UNLOCK TABLES;

--
-- Table structure for table `teach_student_attendance`
--

DROP TABLE IF EXISTS `teach_student_attendance`;
/*!40101 SET @saved_cs_client     = @@character_set_client */;
/*!40101 SET character_set_client = utf8 */;
CREATE TABLE `teach_student_attendance` (
  `id` int(11) NOT NULL AUTO_INCREMENT,
  `attendance_id` int(11) DEFAULT NULL COMMENT 'ËÄÉÂã§Ë°®id',
  `student_id` int(11) DEFAULT NULL COMMENT 'Â≠¶ÁîüÁºñÂè∑',
  `attendance` int(11) DEFAULT NULL COMMENT 'ËÄÉÂã§ÁºñÂè∑',
  PRIMARY KEY (`id`) USING BTREE
) ENGINE=InnoDB AUTO_INCREMENT=13 DEFAULT CHARSET=utf8 COLLATE=utf8_bin ROW_FORMAT=COMPACT COMMENT='Â≠¶ÁîüËÄÉÂã§Ë°®';
/*!40101 SET character_set_client = @saved_cs_client */;

--
-- Dumping data for table `teach_student_attendance`
--

LOCK TABLES `teach_student_attendance` WRITE;
/*!40000 ALTER TABLE `teach_student_attendance` DISABLE KEYS */;
INSERT INTO `teach_student_attendance` VALUES (1,0,2478,1),(2,0,2479,1),(3,0,2480,1),(4,0,2481,1),(5,1,2478,1),(6,1,2479,1),(7,1,2480,3),(8,1,2481,1),(9,2,2478,1),(10,2,2479,3),(11,2,2480,3),(12,2,2481,1);
/*!40000 ALTER TABLE `teach_student_attendance` ENABLE KEYS */;
UNLOCK TABLES;

--
-- Table structure for table `teach_student_employment`
--

DROP TABLE IF EXISTS `teach_student_employment`;
/*!40101 SET @saved_cs_client     = @@character_set_client */;
/*!40101 SET character_set_client = utf8 */;
CREATE TABLE `teach_student_employment` (
  `id` int(11) NOT NULL AUTO_INCREMENT COMMENT 'Â∞±‰∏öÁºñÂè∑',
  `student_id` int(11) DEFAULT NULL COMMENT 'Â≠¶ÁîüÁºñÂè∑',
  `edittime` datetime DEFAULT NULL COMMENT 'Êõ¥Êñ∞Êó∂Èó¥',
  `employment_way` varchar(50) COLLATE utf8_bin DEFAULT NULL COMMENT 'Â∞±‰∏öÊñπÂºè',
  `hiredate` varchar(32) COLLATE utf8_bin DEFAULT NULL COMMENT 'ÂÖ•ËÅåÊó∂Èó¥',
  `urban_employment` varchar(50) COLLATE utf8_bin DEFAULT NULL COMMENT 'Â∞±‰∏öÂüéÂ∏Ç',
  `einheit` varchar(50) COLLATE utf8_bin DEFAULT NULL COMMENT 'Âçï‰Ωç',
  `industry` varchar(50) COLLATE utf8_bin DEFAULT NULL COMMENT 'ÊâÄÂ±ûË°å‰∏ö',
  `probation_salary` double(10,0) DEFAULT NULL COMMENT 'ËØïÁî®Ëñ™ËµÑ',
  `obtainment_salary` double(10,0) DEFAULT NULL COMMENT 'ËΩ¨Ê≠£Ëñ™ËµÑ',
  `obligate` varchar(50) COLLATE utf8_bin DEFAULT NULL,
  `teacher_employment` int(11) DEFAULT NULL COMMENT 'Â∞±‰∏öËÄÅÂ∏à',
  `employment_note` varchar(255) COLLATE utf8_bin DEFAULT NULL COMMENT 'Â∞±‰∏öÂ§áÊ≥®',
  `employment_isTrue` int(3) DEFAULT '1' COMMENT 'Â∞±‰∏öÊòØÂê¶Â±ûÂÆû',
  `visit_teacher` int(11) DEFAULT NULL COMMENT 'ÂõûËÆøËÄÅÂ∏à',
  `visit_time` varchar(50) COLLATE utf8_bin DEFAULT NULL COMMENT 'ÂõûËÆøÊó∂Èó¥',
  PRIMARY KEY (`id`) USING BTREE
) ENGINE=InnoDB AUTO_INCREMENT=446 DEFAULT CHARSET=utf8 COLLATE=utf8_bin ROW_FORMAT=COMPACT COMMENT='Â≠¶ÁîüÂ∞±‰∏ö‰ø°ÊÅØ';
/*!40101 SET character_set_client = @saved_cs_client */;

--
-- Dumping data for table `teach_student_employment`
--

LOCK TABLES `teach_student_employment` WRITE;
/*!40000 ALTER TABLE `teach_student_employment` DISABLE KEYS */;
INSERT INTO `teach_student_employment` VALUES (442,2478,'2023-12-17 23:48:57','ÊØï‰∏öÂêéÂ∞±‰∏ö','2023-12-12','ÂπøÂ∑û','Êô∫ËΩØÁßëÊäÄ','ÊïôËÇ≤',1000,2000,NULL,226,NULL,0,226,'2023-12-19'),(443,2479,'2023-12-17 23:48:57',NULL,NULL,NULL,NULL,NULL,NULL,NULL,NULL,NULL,NULL,0,NULL,NULL),(444,2480,'2023-12-17 23:48:57',NULL,NULL,NULL,NULL,NULL,NULL,NULL,NULL,NULL,NULL,0,NULL,NULL),(445,2481,'2023-12-17 23:48:57',NULL,NULL,NULL,NULL,NULL,NULL,NULL,NULL,NULL,NULL,0,NULL,NULL);
/*!40000 ALTER TABLE `teach_student_employment` ENABLE KEYS */;
UNLOCK TABLES;

--
-- Table structure for table `teach_student_exam`
--

DROP TABLE IF EXISTS `teach_student_exam`;
/*!40101 SET @saved_cs_client     = @@character_set_client */;
/*!40101 SET character_set_client = utf8 */;
CREATE TABLE `teach_student_exam` (
  `id` int(11) NOT NULL AUTO_INCREMENT,
  `exam_id` int(11) DEFAULT NULL COMMENT 'ËÄÉËØïÁºñÂè∑',
  `student_id` int(11) DEFAULT NULL COMMENT 'Â≠¶ÁîüÁºñÂè∑',
  `score` varchar(20) COLLATE utf8_bin DEFAULT NULL COMMENT 'ÊàêÁª©',
  `remark` varchar(255) COLLATE utf8_bin DEFAULT NULL COMMENT 'Â§áÊ≥®',
  PRIMARY KEY (`id`) USING BTREE
) ENGINE=InnoDB AUTO_INCREMENT=480 DEFAULT CHARSET=utf8 COLLATE=utf8_bin ROW_FORMAT=COMPACT COMMENT='Â≠¶ÁîüËÄÉËØïÂ≠êË°®';
/*!40101 SET character_set_client = @saved_cs_client */;

--
-- Dumping data for table `teach_student_exam`
--

LOCK TABLES `teach_student_exam` WRITE;
/*!40000 ALTER TABLE `teach_student_exam` DISABLE KEYS */;
INSERT INTO `teach_student_exam` VALUES (476,1,2478,'70',NULL),(477,1,2479,'50',NULL),(478,1,2480,'88',NULL),(479,1,2481,'100',NULL);
/*!40000 ALTER TABLE `teach_student_exam` ENABLE KEYS */;
UNLOCK TABLES;

--
-- Table structure for table `teach_student_job`
--

DROP TABLE IF EXISTS `teach_student_job`;
/*!40101 SET @saved_cs_client     = @@character_set_client */;
/*!40101 SET character_set_client = utf8 */;
CREATE TABLE `teach_student_job` (
  `id` varchar(40) COLLATE utf8_bin NOT NULL,
  `job_id` int(11) DEFAULT NULL COMMENT '‰Ωú‰∏öË°®ÁºñÂè∑',
  `student_id` int(11) DEFAULT NULL COMMENT 'Â≠¶ÁîüÁºñÂè∑',
  `job_result` int(11) DEFAULT NULL COMMENT '‰Ωú‰∏öËØÑ‰ª∑ÁºñÂè∑',
  PRIMARY KEY (`id`) USING BTREE
) ENGINE=InnoDB DEFAULT CHARSET=utf8 COLLATE=utf8_bin ROW_FORMAT=COMPACT COMMENT='Â≠¶Áîü‰Ωú‰∏öË°®';
/*!40101 SET character_set_client = @saved_cs_client */;

--
-- Dumping data for table `teach_student_job`
--

LOCK TABLES `teach_student_job` WRITE;
/*!40000 ALTER TABLE `teach_student_job` DISABLE KEYS */;
INSERT INTO `teach_student_job` VALUES ('95052bde-21dd-4b8a-b6d7-506a437a9c48',1,2479,1),('b2f00e1a-14ee-4fb0-93cc-dead11d66f42',1,2481,2),('c0e9be3e-0d81-4719-846a-9d3d988e41fa',2,2479,2),('cc375834-9447-4ff8-a0c6-d940a2546847',2,2481,3),('d1c08b88-48c5-4061-be61-777ec289bfff',2,2478,2),('e000903c-456d-49d0-9b65-c083939c1466',1,2478,2),('ea99f245-7dfd-491c-84f6-421d27124e2d',1,2480,3),('f5f2d618-4ed5-45e4-9448-8514137961a0',2,2480,1);
/*!40000 ALTER TABLE `teach_student_job` ENABLE KEYS */;
UNLOCK TABLES;

--
-- Table structure for table `teach_student_subject`
--

DROP TABLE IF EXISTS `teach_student_subject`;
/*!40101 SET @saved_cs_client     = @@character_set_client */;
/*!40101 SET character_set_client = utf8 */;
CREATE TABLE `teach_student_subject` (
  `id` int(11) NOT NULL AUTO_INCREMENT,
  `subject_id` int(11) DEFAULT NULL COMMENT 'È°πÁõÆid',
  `student_id` int(11) DEFAULT NULL,
  `submit` varchar(2) COLLATE utf8_bin DEFAULT NULL,
  `subject_url` varchar(255) COLLATE utf8_bin DEFAULT NULL,
  `evaluate` varchar(255) COLLATE utf8_bin DEFAULT NULL COMMENT 'ËØÑ‰ª∑',
  PRIMARY KEY (`id`) USING BTREE
) ENGINE=InnoDB AUTO_INCREMENT=342 DEFAULT CHARSET=utf8 COLLATE=utf8_bin ROW_FORMAT=COMPACT COMMENT='Â≠¶ÁîüÈ°πÁõÆË°®';
/*!40101 SET character_set_client = @saved_cs_client */;

--
-- Dumping data for table `teach_student_subject`
--

LOCK TABLES `teach_student_subject` WRITE;
/*!40000 ALTER TABLE `teach_student_subject` DISABLE KEYS */;
/*!40000 ALTER TABLE `teach_student_subject` ENABLE KEYS */;
UNLOCK TABLES;

--
-- Table structure for table `teach_subject`
--

DROP TABLE IF EXISTS `teach_subject`;
/*!40101 SET @saved_cs_client     = @@character_set_client */;
/*!40101 SET character_set_client = utf8 */;
CREATE TABLE `teach_subject` (
  `subject_id` int(11) NOT NULL COMMENT 'È°πÁõÆid',
  `class_id` int(11) DEFAULT NULL COMMENT 'Áè≠Á∫ßÁºñÂè∑',
  `subject_name` varchar(50) COLLATE utf8_bin DEFAULT NULL COMMENT 'È°πÁõÆÂêçÁß∞',
  `starttime` date DEFAULT NULL COMMENT 'È°πÁõÆÂºÄÂßãÊó∂Èó¥',
  `endtime` date DEFAULT NULL COMMENT 'ÁªìÊùüÊó∂Èó¥',
  `bestnum` int(3) DEFAULT NULL COMMENT 'È°πÁõÆ‰ºò‰∫∫Êï∞',
  `goodnum` int(3) DEFAULT NULL COMMENT 'È°πÁõÆËâØ‰∫∫Êï∞',
  `poornum` int(3) DEFAULT NULL COMMENT 'È°πÁõÆÂ∑Æ‰∫∫Êï∞',
  `unfinishednum` int(3) DEFAULT NULL COMMENT 'È°πÁõÆÊú™Êèê‰∫§‰∫∫Êï∞',
  `studentnum` int(3) DEFAULT NULL COMMENT 'Áè≠Á∫ßÊÄª‰∫∫Êï∞',
  `best_attendance` varchar(20) COLLATE utf8_bin DEFAULT NULL COMMENT 'ÈÄöËøáÁéá',
  PRIMARY KEY (`subject_id`) USING BTREE
) ENGINE=InnoDB DEFAULT CHARSET=utf8 COLLATE=utf8_bin ROW_FORMAT=COMPACT COMMENT='Áè≠Á∫ßÈ°πÁõÆË°®';
/*!40101 SET character_set_client = @saved_cs_client */;

--
-- Dumping data for table `teach_subject`
--

LOCK TABLES `teach_subject` WRITE;
/*!40000 ALTER TABLE `teach_subject` DISABLE KEYS */;
/*!40000 ALTER TABLE `teach_subject` ENABLE KEYS */;
UNLOCK TABLES;

--
-- Table structure for table `teach_subject_attendance`
--

DROP TABLE IF EXISTS `teach_subject_attendance`;
/*!40101 SET @saved_cs_client     = @@character_set_client */;
/*!40101 SET character_set_client = utf8 */;
CREATE TABLE `teach_subject_attendance` (
  `id` int(9) NOT NULL AUTO_INCREMENT COMMENT '‰∏ªÈîÆ',
  `class_id` varchar(30) COLLATE utf8_bin DEFAULT NULL COMMENT 'Áè≠Á∫ßID',
  `subject_id` varchar(30) COLLATE utf8_bin DEFAULT NULL COMMENT 'È°πÁõÆID',
  `attendance_starttime` date DEFAULT NULL COMMENT 'È°πÁõÆÂºÄÂßãÊó∂Èó¥',
  `attendance_endtime` date DEFAULT NULL COMMENT 'È°πÁõÆÁªìÊùüÊó∂Èó¥',
  `subjectname` varchar(50) COLLATE utf8_bin DEFAULT NULL COMMENT 'È°πÁõÆÂêçÁß∞',
  `bestnum` int(3) DEFAULT NULL COMMENT '‰Ωú‰∏ö‰ºò‰∫∫Êï∞',
  `goodnum` int(3) DEFAULT NULL COMMENT '‰Ωú‰∏öËâØ‰∫∫Êï∞',
  `poornum` int(3) DEFAULT NULL COMMENT '‰Ωú‰∏öÂ∑Æ‰∫∫Êï∞',
  `unfinishednum` int(3) DEFAULT NULL COMMENT '‰Ωú‰∏öÊú™ÂÆåÊàê‰∫∫Êï∞',
  `studentnum` int(5) DEFAULT NULL COMMENT 'Áè≠Á∫ßÊÄª‰∫∫Êï∞',
  `best_attendance` varchar(20) COLLATE utf8_bin DEFAULT NULL COMMENT '‰Ωú‰∏ö‰ºòÂç†ÊØî',
  `good_attendance` varchar(20) COLLATE utf8_bin DEFAULT NULL COMMENT '‰Ωú‰∏öËâØÂç†ÊØî',
  `poor_attendance` varchar(20) COLLATE utf8_bin DEFAULT NULL COMMENT '‰Ωú‰∏öÂ∑ÆÂç†ÊØî',
  PRIMARY KEY (`id`) USING BTREE
) ENGINE=InnoDB DEFAULT CHARSET=utf8 COLLATE=utf8_bin ROW_FORMAT=COMPACT COMMENT='‰Ωú‰∏öÁªüËÆ°Ë°®';
/*!40101 SET character_set_client = @saved_cs_client */;

--
-- Dumping data for table `teach_subject_attendance`
--

LOCK TABLES `teach_subject_attendance` WRITE;
/*!40000 ALTER TABLE `teach_subject_attendance` DISABLE KEYS */;
/*!40000 ALTER TABLE `teach_subject_attendance` ENABLE KEYS */;
UNLOCK TABLES;

--
-- Table structure for table `teach_supervision_exam`
--

DROP TABLE IF EXISTS `teach_supervision_exam`;
/*!40101 SET @saved_cs_client     = @@character_set_client */;
/*!40101 SET character_set_client = utf8 */;
CREATE TABLE `teach_supervision_exam` (
  `id` int(11) NOT NULL AUTO_INCREMENT,
  `class_id` int(11) DEFAULT NULL COMMENT 'Áè≠Á∫ßÁºñÂè∑',
  `createtime` varchar(32) COLLATE utf8_bin DEFAULT NULL COMMENT 'ÂàõÂª∫Êó∂Èó¥',
  `exam_id` int(11) DEFAULT NULL COMMENT 'ËÄÉËØïÁºñÂè∑',
  `school_acceptability` double DEFAULT NULL COMMENT 'Ê†°Âå∫ÂêàÊ†ºÁéá',
  `headquarters_acceptability` double DEFAULT NULL COMMENT 'ÊÄªÈÉ®ÂêàÊ†ºÁéá',
  `random_number` int(2) DEFAULT NULL COMMENT 'ÊäΩÊü•‰∏™Êï∞',
  `random_acceptability` double DEFAULT NULL COMMENT 'ÊäΩÊü•ÂêàÊ†ºÁéá',
  PRIMARY KEY (`id`) USING BTREE
) ENGINE=InnoDB AUTO_INCREMENT=2 DEFAULT CHARSET=utf8 COLLATE=utf8_bin ROW_FORMAT=COMPACT COMMENT='ÊÄªÈÉ®Áù£Êü•ËÄÉËØïË°®';
/*!40101 SET character_set_client = @saved_cs_client */;

--
-- Dumping data for table `teach_supervision_exam`
--

LOCK TABLES `teach_supervision_exam` WRITE;
/*!40000 ALTER TABLE `teach_supervision_exam` DISABLE KEYS */;
/*!40000 ALTER TABLE `teach_supervision_exam` ENABLE KEYS */;
UNLOCK TABLES;

--
-- Table structure for table `teach_supervision_subject`
--

DROP TABLE IF EXISTS `teach_supervision_subject`;
/*!40101 SET @saved_cs_client     = @@character_set_client */;
/*!40101 SET character_set_client = utf8 */;
CREATE TABLE `teach_supervision_subject` (
  `id` int(11) NOT NULL AUTO_INCREMENT,
  `class_id` int(11) DEFAULT NULL COMMENT 'Áè≠Á∫ßÁºñÂè∑',
  `createtime` varchar(32) COLLATE utf8_bin DEFAULT NULL COMMENT 'ÂàõÂª∫Êó∂Èó¥',
  `subject_id` int(11) DEFAULT NULL COMMENT 'È°πÁõÆÁºñÂè∑',
  `school_acceptability` double DEFAULT NULL COMMENT 'Ê†°Âå∫ÂêàÊ†ºÁéá',
  `headquarters_acceptability` double DEFAULT NULL COMMENT 'ÊÄªÈÉ®ÂêàÊ†ºÁéá',
  `random_number` int(2) DEFAULT NULL COMMENT 'ÊäΩÊü•‰∏™Êï∞',
  `random_acceptability` double DEFAULT NULL COMMENT 'ÊäΩÊü•ÂêàÊ†ºÁéá',
  PRIMARY KEY (`id`) USING BTREE
) ENGINE=InnoDB DEFAULT CHARSET=utf8 COLLATE=utf8_bin ROW_FORMAT=COMPACT COMMENT='ÊÄªÈÉ®Áù£Êü•È°πÁõÆË°®';
/*!40101 SET character_set_client = @saved_cs_client */;

--
-- Dumping data for table `teach_supervision_subject`
--

LOCK TABLES `teach_supervision_subject` WRITE;
/*!40000 ALTER TABLE `teach_supervision_subject` DISABLE KEYS */;
/*!40000 ALTER TABLE `teach_supervision_subject` ENABLE KEYS */;
UNLOCK TABLES;

--
-- Table structure for table `teach_teacher_statistics`
--

DROP TABLE IF EXISTS `teach_teacher_statistics`;
/*!40101 SET @saved_cs_client     = @@character_set_client */;
/*!40101 SET character_set_client = utf8 */;
CREATE TABLE `teach_teacher_statistics` (
  `id` int(11) NOT NULL AUTO_INCREMENT,
  `teacher_id` int(11) DEFAULT NULL COMMENT 'ÊïôÂ∏àÁºñÂè∑',
  `createtime` datetime DEFAULT NULL ON UPDATE CURRENT_TIMESTAMP COMMENT 'ÂàõÂª∫Êó∂Èó¥',
  `month` date DEFAULT NULL COMMENT 'ÁªüËÆ°Êúà',
  PRIMARY KEY (`id`) USING BTREE
) ENGINE=InnoDB AUTO_INCREMENT=2 DEFAULT CHARSET=utf8 COLLATE=utf8_bin ROW_FORMAT=COMPACT COMMENT='Êï∞ÊçÆÊ±áÊÄªÔºàÊïôÂ∏àÔºâ';
/*!40101 SET character_set_client = @saved_cs_client */;

--
-- Dumping data for table `teach_teacher_statistics`
--

LOCK TABLES `teach_teacher_statistics` WRITE;
/*!40000 ALTER TABLE `teach_teacher_statistics` DISABLE KEYS */;
/*!40000 ALTER TABLE `teach_teacher_statistics` ENABLE KEYS */;
UNLOCK TABLES;

--
-- Table structure for table `teach_teacher_statistics_children`
--

DROP TABLE IF EXISTS `teach_teacher_statistics_children`;
/*!40101 SET @saved_cs_client     = @@character_set_client */;
/*!40101 SET character_set_client = utf8 */;
CREATE TABLE `teach_teacher_statistics_children` (
  `id` int(11) NOT NULL,
  `teacher_statistics_id` int(11) DEFAULT NULL COMMENT 'ÊúàÂ∫¶ÁªüËÆ°Ë°®id',
  `inspection_items_no` int(11) DEFAULT NULL COMMENT 'ËÄÉÊ†∏È°πÁºñÂè∑',
  `percentage_complete` double DEFAULT NULL COMMENT 'ËÄÉÊ†∏È°πÂÆåÊàêÁéá',
  `grade` double DEFAULT NULL COMMENT 'ËÄÉÊ†∏È°πÂæóÂàÜ',
  PRIMARY KEY (`id`) USING BTREE
) ENGINE=InnoDB DEFAULT CHARSET=utf8 COLLATE=utf8_bin ROW_FORMAT=COMPACT COMMENT='Êï∞ÊçÆÁªüËÆ°ÔºàÊïôÂ∏àÔºâÂ≠êË°®';
/*!40101 SET character_set_client = @saved_cs_client */;

--
-- Dumping data for table `teach_teacher_statistics_children`
--

LOCK TABLES `teach_teacher_statistics_children` WRITE;
/*!40000 ALTER TABLE `teach_teacher_statistics_children` DISABLE KEYS */;
/*!40000 ALTER TABLE `teach_teacher_statistics_children` ENABLE KEYS */;
UNLOCK TABLES;

--
-- Final view structure for view `act_id_group`
--

/*!50001 DROP VIEW IF EXISTS `act_id_group`*/;
/*!50001 SET @saved_cs_client          = @@character_set_client */;
/*!50001 SET @saved_cs_results         = @@character_set_results */;
/*!50001 SET @saved_col_connection     = @@collation_connection */;
/*!50001 SET character_set_client      = utf8mb4 */;
/*!50001 SET character_set_results     = utf8mb4 */;
/*!50001 SET collation_connection      = utf8mb4_general_ci */;
/*!50001 CREATE ALGORITHM=UNDEFINED */
/*!50013 DEFINER=`root`@`localhost` SQL SECURITY DEFINER */
/*!50001 VIEW `act_id_group` AS select `t`.`role_id` AS `id_`,1 AS `rev_`,`t`.`role_name` AS `name_`,`t`.`role_key` AS `type_` from `sys_role` `t` */;
/*!50001 SET character_set_client      = @saved_cs_client */;
/*!50001 SET character_set_results     = @saved_cs_results */;
/*!50001 SET collation_connection      = @saved_col_connection */;

--
-- Final view structure for view `act_id_membership`
--

/*!50001 DROP VIEW IF EXISTS `act_id_membership`*/;
/*!50001 SET @saved_cs_client          = @@character_set_client */;
/*!50001 SET @saved_cs_results         = @@character_set_results */;
/*!50001 SET @saved_col_connection     = @@collation_connection */;
/*!50001 SET character_set_client      = utf8mb4 */;
/*!50001 SET character_set_results     = utf8mb4 */;
/*!50001 SET collation_connection      = utf8mb4_general_ci */;
/*!50001 CREATE ALGORITHM=UNDEFINED */
/*!50013 DEFINER=`root`@`localhost` SQL SECURITY DEFINER */
/*!50001 VIEW `act_id_membership` AS select `sys_user_role`.`user_id` AS `user_id_`,`sys_user_role`.`role_id` AS `group_id_` from `sys_user_role` */;
/*!50001 SET character_set_client      = @saved_cs_client */;
/*!50001 SET character_set_results     = @saved_cs_results */;
/*!50001 SET collation_connection      = @saved_col_connection */;

--
-- Final view structure for view `act_id_user`
--

/*!50001 DROP VIEW IF EXISTS `act_id_user`*/;
/*!50001 SET @saved_cs_client          = @@character_set_client */;
/*!50001 SET @saved_cs_results         = @@character_set_results */;
/*!50001 SET @saved_col_connection     = @@collation_connection */;
/*!50001 SET character_set_client      = utf8mb4 */;
/*!50001 SET character_set_results     = utf8mb4 */;
/*!50001 SET collation_connection      = utf8mb4_general_ci */;
/*!50001 CREATE ALGORITHM=UNDEFINED */
/*!50013 DEFINER=`root`@`localhost` SQL SECURITY DEFINER */
/*!50001 VIEW `act_id_user` AS select `sys_user`.`user_id` AS `id_`,1 AS `rev_`,`sys_user`.`login_name` AS `first_`,`sys_user`.`user_name` AS `last_`,`sys_user`.`email` AS `email_`,`sys_user`.`password` AS `pwd_`,NULL AS `picture_id_` from `sys_user` */;
/*!50001 SET character_set_client      = @saved_cs_client */;
/*!50001 SET character_set_results     = @saved_cs_results */;
/*!50001 SET collation_connection      = @saved_col_connection */;
/*!40103 SET TIME_ZONE=@OLD_TIME_ZONE */;

/*!40101 SET SQL_MODE=@OLD_SQL_MODE */;
/*!40014 SET FOREIGN_KEY_CHECKS=@OLD_FOREIGN_KEY_CHECKS */;
/*!40014 SET UNIQUE_CHECKS=@OLD_UNIQUE_CHECKS */;
/*!40101 SET CHARACTER_SET_CLIENT=@OLD_CHARACTER_SET_CLIENT */;
/*!40101 SET CHARACTER_SET_RESULTS=@OLD_CHARACTER_SET_RESULTS */;
/*!40101 SET COLLATION_CONNECTION=@OLD_COLLATION_CONNECTION */;
/*!40111 SET SQL_NOTES=@OLD_SQL_NOTES */;

-- Dump completed on 2023-12-19 18:45:59
